Gate_Type,VDD_V,Load_Cap_fF,Temperature_C,Transistor_Width_um,Fanout,Input_Slew_ps,Propagation_Delay_ps
XOR2,1.101321654897855,12.875331061701353,46.1006691707526,1.2333175392069302,5,51.282345502081505,63.28096785301925
AND2,0.9290934433689463,33.5022247656961,93.8292998427255,1.7719514575930226,2,116.20683871188189,152.55168079630306
NOR2,0.9414844360426775,42.11588524118097,46.972275011039685,0.7909506850871542,1,75.30303662982806,213.04080722333453
AND2,0.7667399862079718,27.98236250259165,68.86716968030488,0.6837851913049132,3,88.78499933782615,241.11986385794495
AND2,0.7403007568785622,8.504080504113853,103.20018255939414,0.5220171122510968,1,44.67302725502601,71.83467598692356
NAND2,1.0639696534868825,36.677705429472155,103.3952518097841,0.19103197996143884,5,82.04415581535422,503.50834288300257
NOR2,0.9482305761776498,30.41231909487957,70.32617725258596,0.20086625303450403,5,34.64673114887448,399.7836883442702
NOR2,0.9184253513075897,36.83127887802138,104.21899382752451,1.7557037630454515,3,33.18614551579316,151.51900258475476
NOR2,1.0647541143261983,38.717584519997274,108.86217961980567,1.3953791152431056,5,87.19305320808404,223.59603245858003
AND2,1.0827564494955548,48.79510801655251,90.47757512842603,1.3618009410205938,4,64.96039467023753,224.77309856357272
XOR2,0.7794540838346767,29.10460072130879,47.84258523084202,1.2755284995975857,3,83.57681019857482,199.48820197519916
NOR2,1.0051125747388205,17.74041452183949,52.401178038554754,1.7165319920249171,4,35.985426436030544,63.08317962110083
OR2,0.7676770411388427,32.774763288111615,56.48411554087354,1.0229018202513795,5,73.853184221524,269.01453584317187
AND2,1.0756875430145227,4.3535947528886805,36.6804107733952,1.7563723576896044,3,56.05236971585794,14.453533421606823
NAND2,1.0284775781335698,44.97246859775773,52.31596203699451,0.7957566492226096,4,73.65043298723572,245.91707228779362
XOR2,1.178307310541729,6.8496695555716425,45.95192243125321,1.8622101081574902,5,38.451169208085226,24.65146294271633
OR2,0.7344790081782105,17.064299056405094,70.53287498086021,1.4334751225527314,2,87.27686081964924,95.97067020777288
OR2,0.7285273605756271,40.97152365067993,115.84375478722649,0.6034930157259232,2,97.68187710833854,434.5359965717697
NAND2,0.8410935373466,30.26830653820488,35.44803167539581,1.180479652774615,1,34.89039449363822,104.71819820157542
XOR2,0.8308528418679529,20.28814049359466,97.02679239473956,1.1220974555979204,2,39.57136438339884,136.40678395887272
AND2,0.8234893995359999,24.19834730937605,93.72830044131277,0.37924978485302785,4,81.03274101769568,294.5301782276165
INV,1.1531272902605183,42.87282226690684,34.575419866335764,1.2315366628111544,2,84.99229504490758,107.16454674580056
XOR2,0.824773099924753,17.660214916934716,117.25724049058,0.7117969725878809,3,85.97146370570675,187.17911553854495
NAND2,0.8359748630643155,43.6128345557964,81.84722021568196,0.21841568160205257,3,83.51032804922123,577.2095805465141
OR2,1.0796991312089819,5.318587117857883,61.372552113568425,1.903473576488342,3,50.17288744954196,15.226738039112213
AND2,0.92486992122527,39.063123423222905,100.65385834953067,1.326001893840861,2,50.40817255642301,172.04743483430178
XOR2,1.0883552784775905,42.529834019682085,50.7365458401634,1.7686075919171922,2,34.30402671910387,147.59463819742467
INV,0.7326830787821925,9.909064989029599,94.35098370463204,1.3909852894249157,1,23.035875488081743,30.019027507000306
INV,0.9437855968366922,22.086980086237823,28.97112075722472,0.7911293412234123,5,84.64639863064416,97.09894340667762
NOR2,0.7168068000916412,9.109488958519126,108.9408037609272,1.0838535759781653,1,15.716710386815976,49.50664437342494
NOR2,0.7313266017276772,35.62360232071667,69.81708470213185,1.3904039094526928,4,112.84611298047989,268.9355173821243
NAND2,1.1532187266722054,27.23204063502118,88.66929143579418,1.9252743713787024,3,100.06892492221691,88.0211054427585
XOR2,0.7696226855587975,32.13084398870773,47.12378198066837,0.5968985831487893,2,103.61316009508445,323.47808458963397
XOR2,0.9662103411376085,10.627861380854347,92.7073712658448,1.7649568702133411,5,109.26691368074688,82.39299844231283
OR2,0.9055478013003533,11.375547240568556,102.22402758932766,1.8572662739532264,5,51.98957163317261,66.06978132687887
OR2,0.8736716631294212,3.033368949985412,72.32131868843987,1.3803811675588382,2,102.37058318529611,8.39751304680564
OR2,1.149916672843636,16.781309224590757,86.77269240617943,1.870781259514515,1,23.177049533539673,42.429187482991864
NOR2,0.7109116983877447,28.427488405350072,70.63259238223985,0.8680117444574527,5,7.4888063799471025,216.6499239866063
XOR2,1.0318948430877946,43.03881078586911,114.40913692578455,1.9116704109560323,1,95.26251038634277,190.66488992669824
XOR2,1.1816972171067752,33.67944492547535,74.78691805143191,1.4412318090720326,2,13.60161451964802,112.93514614344083
INV,0.9800840917309209,22.33441984658782,109.18087090288189,0.19897084274736637,1,118.68033674248099,193.23167875832303
NOR2,1.1684112310165458,47.70288560531275,105.13520582702486,1.8249209238198192,3,82.60158940417894,186.90842173469662
AND2,0.7261289396430118,36.24301482821576,66.05048213483565,1.0308088809824019,2,91.64671667784214,248.4036453096939
NOR2,0.9093966595370806,46.57809494026495,48.0084491857475,0.9854147313823257,2,33.267443471954586,210.56247345727417
AND2,0.8300788954810255,26.85181069033612,65.6082132559771,1.1849572192417124,5,82.49452030076414,187.58850525027114
INV,1.065410482490365,13.68630946486384,107.62173757752201,0.4008429479299085,5,9.97029278432008,74.44944976682181
NAND2,1.1906485452486233,3.5885076318713773,47.76325358193924,1.0020321713067093,5,101.3499577912141,11.269621254053664
XOR2,0.8282650312221238,36.578157722708674,77.44363458577493,1.6825191674293618,3,24.50677069863083,184.23469574216574
INV,1.0270873007370371,6.943846902271172,105.60967479607474,0.14910702317852884,3,85.19617768588361,67.95670476474587
XOR2,0.79904881637987,15.835981285326392,60.34774751283788,0.633084261409818,4,30.815257641763758,147.5862730808182
OR2,0.9826651272858049,27.091074486310973,89.22096370026973,0.12461462251442713,2,12.872114483994915,333.69930146602144
NAND2,0.931966243344168,28.656412801207637,49.56315740488145,0.9015372612017148,5,60.37177303318035,163.3133628566733
NAND2,1.1860026648157684,30.428576652369664,35.92794453681599,1.4892331597282211,2,24.467914181370787,70.31605229796236
INV,1.0042636363482331,9.146511187135332,104.43842250928563,1.6216910387355015,1,88.88605865755322,27.658895969539497
NAND2,0.8747531860434093,19.60713283626079,34.89686234087068,1.8969567509187724,3,32.32007198910076,63.876684957979116
AND2,0.7570478924439666,31.242517128731368,52.138139507958456,1.2639886723850786,4,44.384343967120316,177.10531540774215
NAND2,0.7756234143674672,48.52112436705545,110.51094219974401,0.5986985093074434,1,70.25551389541438,354.37088855434587
XOR2,0.8126584649756174,36.653925747284745,59.64692870786672,1.857398144376994,2,37.77135192139083,163.6438891908383
XOR2,0.825483330670149,46.207584097603934,122.30453495141612,1.577593617295107,3,48.46863336414559,299.43488484334034
XOR2,1.1253080289205688,38.348390857394676,122.97343347738597,1.1999255480459117,5,98.79650366964447,284.5121885922224
XOR2,0.9806113941412624,29.99413147572762,51.82760204535567,1.4278036055515995,1,25.609132699517957,112.36234404739407
AND2,0.9616954556871832,10.409145087680884,29.097822224989045,1.8577147474139666,3,14.453182790422373,29.053176189257115
NOR2,0.7573844359346087,33.66759694273314,95.50632842053791,1.4593007735290926,2,42.761145290297215,174.1574426690744
OR2,1.1300698466747174,31.545598732035447,70.09865026483438,0.8125440742592999,2,53.80332820659599,151.03160536176864
INV,1.0614071516042418,30.520989352406055,35.07528439595763,1.4604930203035016,1,67.40581744570528,58.75391130348085
XOR2,0.7338341809500007,24.999507531423795,95.75228189780428,0.19572294594252918,1,47.82872506012581,405.4165742085354
NAND2,1.0539175486148844,26.904173595474504,28.11749091119212,0.8464612562414927,1,95.8398455256226,113.38120102353552
XOR2,0.9717691086713229,17.3876838287871,112.01966904922422,0.883887299869689,4,9.521741081874426,115.54077595321202
NAND2,0.7408626728733891,26.446321939472856,38.86525291133037,0.4336558807111692,5,54.65326689283417,261.2617525465706
OR2,0.9291503207643281,10.680239378245433,37.7311878746725,0.16340070343732793,3,48.95943018548653,128.92450391629552
OR2,0.9423481435650234,40.45354547065846,42.567229796858456,0.3707567248789565,2,79.47152644278879,339.9383103021553
OR2,0.7828872700816378,10.103070780236683,121.02663584920666,1.3506884120984635,2,116.12176896820054,79.45058900059867
NAND2,1.1728490735001411,5.163348204583855,94.3169360253846,1.6283029747637325,5,63.693171762319146,27.152479883421897
XOR2,1.124987685740331,22.376055291500712,105.13715354636368,1.9778225663267113,1,118.49083739829786,97.21305153890648
OR2,1.034511168664554,33.25706453579703,64.7634985732753,0.7711633858439693,1,39.75868041501771,151.9182509485877
AND2,0.9311477805003036,22.448124421743525,58.631272750495555,1.2468329378508711,2,8.549835242383017,81.41354218518418
NAND2,0.9058827707922542,14.560952465614122,48.44840067831699,1.8818325376124292,5,24.051264259787466,56.353046556192716
NAND2,1.0254867335754771,28.350388010631598,73.0648028312409,0.4340385489157269,2,50.43936174907524,175.07892938783283
XOR2,0.9727159347034526,18.003114435197798,80.18287335341685,1.469173702324356,1,41.378399556683505,72.0733517256782
NAND2,0.7311365529409428,46.71051681620502,88.17748436527553,1.5393600183204268,3,16.161225063088434,222.3661848660429
NAND2,0.9562513243851658,46.20961184057503,50.71185039986945,0.2872740074343561,1,54.755912384432435,327.5367977826909
OR2,1.1032018086164197,25.616219178632676,119.86540809029907,1.7391488441441623,3,43.883313740849715,97.77930862755645
XOR2,0.9296199387984789,17.066315706894667,41.975849820713584,1.6486374885683863,4,19.10121035260542,80.15197149073057
OR2,0.7259782887771342,37.11948828387531,121.56531747664123,0.18279765236557674,5,39.053470020369524,801.8993599538501
OR2,1.0931390996920165,2.798934230670265,26.48561225075038,0.29123869997449675,4,106.94014636586991,29.77077326441354
XOR2,0.8006818910679872,24.263681296138913,73.11256918168456,0.21235856051668234,1,39.73561953127412,315.6546747472038
INV,0.8293104174440193,17.47984631924634,58.336783811656275,0.749317839782801,5,87.10487367283594,109.73530294517451
OR2,0.7823531767161479,46.10625837002518,69.91234139302507,1.0774633024782612,1,75.3854141606419,263.03947021587294
AND2,0.8651075324357487,1.5881483363614446,82.06645789807891,1.1208137285547022,5,54.125833676962756,7.805619179305222
AND2,1.0783757528443174,28.087928910199103,68.5589158012709,0.6232135083665522,5,32.48794823242196,171.43068306061087
NAND2,0.9596929297519686,37.292515472264675,66.4846850301595,1.8338021467333152,1,47.43669042478373,92.75573891072125
AND2,0.8024406370753563,24.76588138867802,98.27234154133066,0.8123340449591967,1,73.09232954916992,165.69482688156134
NAND2,1.1389150390760203,5.184748477973361,93.58762750864646,0.2056342932148627,5,45.336619696175816,52.24993861666426
INV,1.1397909274757645,48.650608111367205,108.32712820358479,0.6844269696978064,5,29.71308986103666,211.66668515329698
XOR2,1.1352892125230034,26.3825111374288,49.99589812394956,1.1184857143830123,1,18.39321612253769,88.340603916422
XOR2,0.8193981056907695,31.095125971631557,85.95285097540636,0.8874570264658762,1,106.17319785960001,247.01114875351982
XOR2,0.925619672090494,12.593879352667859,83.51947853928539,0.6348239359066072,2,55.63599221146915,100.39864054311721
AND2,1.1924948280704375,24.691406170233385,61.973781087268875,0.36688770955691674,2,76.89895700043695,155.75306826706844
INV,1.086006238154995,22.02832510595777,73.60575419026809,1.660029260180912,2,61.397191530732606,53.97867648496331
AND2,0.7135837106127798,4.669896258097203,56.378214330572874,1.9927530551934807,4,105.3451496111658,27.05664673338903
AND2,0.732602295630246,6.201857323825894,39.18443976169852,0.7395392110248983,5,67.89750803154425,56.708354049390515
INV,0.9319656884061663,42.036153461319955,46.38012106627328,0.8374475630520153,3,60.28986306414804,165.17910833503504
INV,1.15461010293078,12.751177658122922,35.551364640120106,1.2819105463926792,4,111.32911389849696,41.70364278734335
INV,0.9693508989763571,10.552955303432897,93.30695751901241,1.4706699725028176,5,87.76430354521577,41.70887966910749
INV,0.9489062540171451,25.740661111256824,91.07273931091515,0.8570155254307515,3,17.828239344888594,99.8562841991102
XOR2,0.7527368499783152,38.668609436763134,120.06063715798729,1.8212674919258125,2,25.436013037633614,216.36258713047118
NOR2,1.028390052362147,4.035379410370408,97.96784136472412,1.1728074997503664,3,95.51912923803582,22.786421640656183
NOR2,1.1110515803001126,29.263588062274536,30.204583875613146,0.9667333436431502,1,101.12290193569474,114.89538177916498
INV,0.8902100037537811,6.841311699188095,113.42451739289542,1.3357447759406216,1,67.6969453453841,16.651850005325795
NOR2,1.0878059254626637,2.7865914904553044,111.26751629457257,1.9112712347084455,5,68.76235120466352,7.504665928533029
NOR2,1.1822383269504058,3.584453655948652,69.33203207726987,1.6137583135128062,4,77.67229072791612,11.946093495507345
INV,0.8018832295638445,41.87404130221363,83.58630505279216,0.19522468540603374,2,55.49831404250354,374.9524419037345
NOR2,0.9616648155973706,6.780651697775017,122.60783324725189,0.744742632191124,5,83.22289920064895,59.71156003917829
AND2,0.8435689790422878,3.2124168562023057,78.23043638481663,1.0046240077082986,2,17.475344620137804,18.56125088177901
NAND2,1.0964272095169196,22.4570944700027,115.53218283760897,0.7112930357531179,1,115.54711287224943,121.25653409528665
NAND2,0.9887966829405788,42.35568012515922,33.30387578101865,1.4363526143612582,4,91.267804736416,180.71883373921509
INV,1.0172912087751518,13.858010447975795,44.10518687086829,1.6733860017416522,4,77.58503346103579,36.843320438836415
XOR2,1.0989570798079469,21.663918258769904,69.07549434413178,1.4949287789483106,1,41.37703655609028,87.38732046939468
INV,0.8979852363312274,2.95620409562381,83.47568083373046,1.9799465792371573,3,23.509881057523852,13.398038659816645
XOR2,1.1575450342035216,23.004847192608917,106.62278518628003,0.6323895780388946,4,52.074440840328634,179.2670239425351
NAND2,0.96651443362307,29.30304095121955,123.82621151431869,1.7649802506459122,3,81.08132516601673,130.57981505580696
INV,0.778977411417674,28.974445633855094,63.885149647411644,1.561250610528034,2,77.87662049365775,91.94405131986154
OR2,1.0479495590844012,17.28890791654389,29.74156361400849,0.8008960642093146,4,49.00373283254072,91.4793819934136
AND2,1.096630675219127,16.46112585249364,105.11715032953248,1.500154142075101,1,75.52793529080992,55.45904963066231
NOR2,0.8583808385337632,6.224557327893296,85.4380719082808,0.31566279806630426,3,98.58105399026797,81.03517087731231
XOR2,1.1285896284993764,18.97311771166715,44.854285886820165,1.6039469468002383,2,8.022748818824812,54.5989607398953
OR2,1.1530716273828832,5.875238774775268,74.48284566214201,1.120781532863753,2,56.82142051198171,30.099814247837056
NOR2,0.8384522436889044,38.56320129089053,99.23102455337244,0.669505524693396,4,92.23385127368097,375.6999428505984
NOR2,1.191760736357611,48.347440589661105,102.04117870686437,1.3528613273542587,4,67.80661410328838,214.64852669185152
INV,0.7703557640243792,48.53364837666864,74.9618411998762,1.326245597583089,5,79.91975011184304,239.2151185839616
NOR2,0.801007834201245,43.3884838693943,55.521453012885914,0.5138340987128475,5,64.41778514961433,451.10023748285585
AND2,0.792112419619013,30.438815317641335,122.37425820384935,0.17714713984566913,4,119.06557263846577,674.8156123781147
OR2,1.146994855003935,35.342419164950115,91.33626109564929,0.9352104633751468,5,11.281476696239396,178.8622381716791
NOR2,1.027146276162481,14.97508433134029,65.82375193462987,1.1906823143675118,1,61.47015450382339,60.01365170765105
INV,0.7760521416111363,31.907750588458413,53.046322420465245,1.768017923336725,1,15.512903148169533,75.04259078499221
AND2,0.9201617091841745,23.326827922553996,98.11029830035622,1.8650475758174774,5,23.3753396430606,106.6448505809444
NAND2,1.007649012534901,24.61884964906969,49.21834455937677,1.1141538101347208,4,49.04941029810011,105.70854380923923
OR2,0.7417320424946916,38.13105145838274,42.17099889736882,1.5371505494848643,1,22.88711052255604,147.5840357618258
NOR2,1.1412081842036694,14.813999424265331,77.98338889620703,0.9458901519766342,2,115.82402408501487,74.95322788909571
INV,1.1018017677207674,16.583940973031474,53.99873926441418,1.5226344543570387,4,113.8808243233933,49.436141548167164
NAND2,0.952603386788319,46.307447765303195,87.8905144923615,0.5050268668856338,3,43.65260931536944,316.05568667338196
NAND2,1.1835633076295853,3.75499044769764,36.79386748742335,0.817601701430639,3,78.57098688433315,15.756575188714914
XOR2,0.9088804896375497,24.79608062225368,90.49411045673216,1.3123486377695956,4,66.3816318682854,179.53656575636452
AND2,1.192055159518249,45.72723921998522,53.32965279977022,0.15413697534130819,5,98.7925027593134,615.6246358919743
NOR2,1.0339599994018136,30.907787383089694,25.024293443451274,1.4782272634372335,1,77.15624512894836,93.35527028993987
INV,1.0173356366269708,27.773946636394474,37.69360576741764,1.6908067423841535,1,5.029032266414642,47.405603407563206
XOR2,0.7829774476478925,13.237464782238405,118.3615377835094,0.8703863228566286,4,92.76505434511996,152.7971933254442
AND2,1.140963879152322,17.820498964157967,111.73546391153579,0.9621317442930689,2,90.88753394905358,85.80811118664109
XOR2,0.9137448439603075,42.75037237442995,48.360903203623685,1.7204105589670782,5,63.61811114014532,251.3516673708797
OR2,0.7811167028912396,28.401688456654448,102.83719045454912,1.5782307144129426,2,108.83568192180118,176.1672881168425
AND2,0.7063037599878794,26.222367494082214,85.85715931739742,0.661721039382745,4,109.47131365439618,305.8730720176986
AND2,0.9798778418191912,5.8794059634614175,122.09047114498695,0.7290750803356932,4,65.24984282100567,40.39817308461941
NOR2,0.9636998110613382,1.7853796663010328,62.36056595340591,1.3962910768943215,2,74.91864658760183,5.263499300487776
AND2,1.0596768111845791,48.220574245665404,93.14606125171713,1.178812413802543,3,119.60003827133733,265.41709171410633
XOR2,1.1451290265089011,19.47232219705524,31.35357224239186,0.4249915936614142,4,39.364327003313015,152.9626936655397
AND2,0.7397032923215148,30.55744004287571,64.62473468164059,0.7026682293508328,5,42.3309828658199,266.3991765050103
NOR2,1.0657482451701812,4.906038586176964,121.38176611881805,1.8119685605318696,2,26.018998806302083,17.802258157822017
NOR2,0.7937059720487911,34.47260000042928,78.89808744501205,1.4137679410378552,3,108.02469800315481,218.49203809570204
OR2,1.129088526578582,46.695768726592085,53.78795033348446,1.9736317172487765,2,90.61616484416562,154.4118999564771
XOR2,1.109531756930828,29.207597396873563,37.027096312860685,1.5619835563638464,3,17.148927620077817,100.14914380694886
NAND2,0.9703968774927721,7.1796507963951175,95.35283401815305,1.8909119324299495,3,117.90324538776605,34.16508773698623
NAND2,1.0551213993116557,29.50435484620036,89.48560434297268,0.5264345188764937,5,89.06059643852835,245.22073740250931
AND2,0.8571750565918741,38.55101344212797,62.39387136037746,1.5703915646558202,4,102.81004260457208,210.3273890877034
OR2,0.9355839494664073,20.914410292126913,120.09413518658343,0.15800893787785916,3,10.537340754918107,286.65800550376986
INV,1.1108184488552357,44.112049649131926,27.220281298785032,1.3810288408176836,4,63.07050567834928,111.46064203407626
AND2,0.929632598586607,32.78546471451086,55.37238516318258,1.0022506828660538,5,85.33880297360952,217.30071834994345
OR2,0.8788991326627209,45.06319699617092,117.10694862995814,0.771908935209729,4,67.43885722576175,387.0260136012517
XOR2,0.94710622362515,31.551760251119525,57.09354383194404,1.7413201823110074,1,81.66445855541691,130.91263554761704
XOR2,1.114124626218609,7.4331106282363875,50.22528338551704,1.7260232621961575,3,99.05551731290434,38.401138486345104
XOR2,0.8676040236854363,16.174893844154266,78.42204099312472,0.16192720520944992,5,48.04876224042256,336.7074544252651
XOR2,0.7868807965678719,10.88795246437039,107.3801749920538,1.2658696302049302,2,102.59689769615161,82.93229516877147
XOR2,1.0560070101653904,45.53249838812625,35.314676087836105,0.811524581723398,5,23.735352048008433,287.273675143878
OR2,1.112989106354041,38.25960329708665,119.30207096457362,0.9014426828208444,3,36.1518963280331,191.40391919326555
OR2,0.7503187392617666,34.1435200765903,104.5072881181164,1.6842365897312987,5,9.984746291642464,202.46116892352123
NOR2,0.8199370563779723,15.747349661949462,43.1250255551552,0.7024987704720351,2,46.90908330355388,90.9278693049669
NAND2,0.7709859948804969,10.018193830460463,96.20079611981626,1.8929317639987258,1,48.689597654773834,38.75524836258672
XOR2,0.8739707057910833,38.06610331145668,63.495872263755714,0.4577115935796246,3,97.60611867883385,438.94227007625574
INV,0.9251754894527062,24.233739348074902,65.22946780763186,1.365918155932174,3,80.11002708331044,77.11877608103659
OR2,1.0744131684816531,12.063688055380828,103.32900924388665,1.3835575259858777,5,55.223094187901665,61.30052614754453
INV,1.025573792440837,31.214476930098478,121.27848079807322,0.5941269034844862,4,79.99310754173105,175.80940818565483
INV,1.0104642837392155,2.9763587547841466,37.66558728471939,0.7305311448583397,4,11.070085309304483,10.257122790942413
INV,0.8761874733048272,16.98234245228442,67.06302368788194,1.689421166050288,2,25.73122664211325,45.24009795239242
NOR2,1.1207237765423799,23.959292734965597,73.09416080843036,1.5521938793153105,1,77.09900335280183,85.52372900535664
OR2,0.9356435836990822,8.249958371360886,62.63118169549976,0.738700254991748,1,78.75718421090976,46.23213198265149
INV,1.1895524690075772,49.24806940195114,61.3189123716225,1.1238383082376757,5,94.02548575135413,172.83244503236224
XOR2,1.0170710691478684,11.245770864891098,30.226866756159655,0.23595895695581945,5,51.344972291164254,149.2109092240628
AND2,0.7631323707822513,7.387303372120011,93.55386205626233,0.512442258909423,4,88.09372111085797,83.37458487077403
INV,1.0380887810377168,10.973208820457923,68.62144171200454,1.0333426506575503,1,83.65773824442178,28.50785915395567
NOR2,0.8625520077158495,38.683995524826486,44.479380264392674,0.28163062232491776,1,115.79023851253264,403.56606776715387
OR2,1.0431635983430487,21.8497773043203,106.60335023020684,1.7054648271968424,1,29.739976038838105,69.09019107951167
NOR2,0.7348205740812028,28.70538104787436,105.25607481516279,1.469851675002378,2,68.44314983155354,171.36498345288857
INV,0.7874407185879797,2.0294486923316764,73.63916280888938,1.89403130081917,2,74.20291084270397,1.0
OR2,1.1278686294528932,2.6871341200924133,54.84506611477605,1.423717783212371,5,119.84450676743539,12.27166338534487
AND2,0.8135897785117574,22.84545194152379,88.80927257964524,1.8879545798529087,4,28.136176349164945,112.18571231867944
INV,1.11852056262147,41.01610691687955,53.81521357774031,1.1624836046990141,3,65.1700722962386,115.88708098026927
NOR2,0.8396380442272051,44.376705056670694,48.6007930323712,1.2484109887965025,4,44.81131038706847,238.56915537906968
NAND2,1.0214409550293537,5.248621812186371,98.05146540263266,1.9567055826973703,2,65.47769138658498,22.603683440267936
XOR2,1.0470752867549153,27.379792002950115,29.03252397209507,1.3272027961048094,2,31.694789241857183,97.41437514564183
NOR2,0.9563273765725264,45.748254627684254,34.4768471034594,0.1778787494582036,5,10.475423519161133,523.3797606791937
OR2,0.8526553383483656,20.01066496549643,25.678817402358977,1.4807492200653838,3,70.84502719823422,103.20852600332258
INV,0.806322188185548,41.64872573999006,40.29431864754262,1.8222811412183413,1,43.623246323995694,94.55672240949438
XOR2,0.7165946772812131,7.551087065572374,31.899000871045946,1.6156908696133339,3,25.92326120106987,40.92397037396376
INV,0.8519732006203619,46.834329993722136,124.58023677799186,1.2176065525357944,3,42.25259009897388,189.87229601084513
OR2,1.0265813952656415,37.81974255903383,53.88099699540896,1.3820506046158105,3,10.667223166490666,139.7169631398276
INV,1.1691524092242414,47.12538524655818,39.92680126692473,1.9815605637931428,5,114.30085692036188,120.34412739753121
NAND2,1.1356022411315259,34.154244444072816,49.09962579959179,0.29044472639755603,2,71.83201022192495,233.8356995468894
XOR2,1.0830323882676511,18.806792667971923,118.61255715401346,1.3744202778304901,1,98.69839835490785,103.04733715364179
XOR2,1.0942236716266494,46.9708774537114,77.01602230243957,0.6527876657927164,3,53.658592717988995,326.15965759647855
OR2,1.0324924517379976,14.502772039149745,61.48180963078569,1.3233699455819996,1,108.88118677011136,59.27651544077503
NAND2,0.8301434287830014,17.276453581024896,112.33914579092193,1.2623323226618048,3,60.581595478509136,96.09087960728804
NOR2,1.153597515352915,35.33961248208528,64.49902705490325,0.40849884436334466,2,71.00371205307698,233.24101330009822
INV,1.035366155952917,38.50049867674393,58.50085699576958,0.5086836939916496,1,61.556307707205534,138.44331109174937
AND2,0.9802203154902199,46.54077070860854,45.728252254973555,1.2886636067212414,4,89.32700402477994,220.47740402534052
INV,0.7554947346067404,11.035318043754266,62.77968239094115,0.3610723009310953,2,70.16544892423717,78.22125241621596
INV,0.9235277719032127,40.10190372574198,56.6684356016926,0.6185400452450069,1,36.23387621174574,144.20999384835395
NOR2,0.9301791356009631,37.18875661645121,92.73039592981411,1.6902616297474444,3,21.737046102104323,146.42963649741574
INV,1.132281804761335,4.125933256426295,53.95827046707271,0.7349320312830806,3,74.70430472154244,12.247090379945869
NAND2,0.9733241100938942,19.97393391930014,82.71997464225615,1.0375530937869661,2,61.255695577909165,87.9994250271503
NAND2,0.8902002744852048,14.85550739594483,31.58921650319727,1.8893438300741796,2,16.037205120052988,46.08884246668829
XOR2,1.1884001642553297,15.92003079334749,44.128915669651434,0.547040287013459,3,50.49600856622587,98.77679909476264
OR2,0.7553602966631578,49.16439709818034,65.74052716113488,0.8524969126330595,1,64.19928853005216,312.9631974756473
AND2,0.9112742141559722,32.49609326051647,118.69492539086954,1.2601406180218657,4,100.09272188994285,215.52407889488384
INV,0.7210123375857026,36.16613173188148,62.72519857156954,1.5400371874674676,5,13.75162142083667,132.2886797293424
INV,1.0699520603834651,48.85426422843545,91.4074121199834,1.8151083670198855,2,45.07696504829033,110.45220322467922
NOR2,1.1590382760995752,19.482887340424295,50.50872224213981,1.8410892166382085,3,99.60545411169431,75.020603397746
OR2,0.8400186647752447,40.29016825418749,37.703357597323176,1.580083339820531,1,79.56875215373155,166.7265662013278
NAND2,1.1291708383995605,22.292017201920274,30.85366000800501,0.5492619727954235,2,38.34520700743548,85.98689004484402
AND2,0.8461091152309488,43.607149918934006,55.54134985427513,0.1666415404800237,1,102.21353903260388,565.9136479083955
XOR2,1.1553850808219575,9.852219524253856,40.766102679690796,0.8414949890685727,2,61.72876176470962,49.725977989551396
NAND2,1.076980951798392,47.4366226761497,42.40104480161242,0.38611183985710784,3,62.31046750070296,308.1601301528023
OR2,1.1024533884207193,11.719813712133105,101.075930838695,1.4555287771840002,1,117.3075440080442,42.00810168259485
XOR2,0.7090032778002272,16.984804842065646,26.583807094487423,1.3629255032323475,3,113.91839787218352,127.05729841911555
NOR2,1.181405178537013,38.053419471232246,80.78101257354345,0.2026666862483351,1,46.23125858753205,296.0709591728077
NOR2,1.0633354960351615,20.294001936704927,62.94613805934648,1.692796304766188,2,21.166599796254467,59.06293254706508
INV,0.8523755476930666,30.802357461555886,75.65499999085472,0.5876373406274227,5,42.451674211980816,175.21877124195854
OR2,1.1146973324294234,22.784101552401996,81.2830237214603,0.9325869019231593,5,8.505574935809625,116.59477690027916
AND2,0.8407605992074649,37.37612691739931,56.33676944572782,1.3757154226567956,4,7.3883069716949885,164.53165002719442
XOR2,1.136376919783064,12.188231366061931,54.51088601842853,0.9273073192822362,4,50.48504566891321,65.70470665332392
NAND2,0.7562901952059684,3.8644413746069732,98.34018493349058,0.9496210692638936,3,113.21727961018193,31.490153179010353
OR2,1.0518429887303977,15.696540476180246,112.12769881211571,0.24338063123119189,1,105.2060942417039,163.64234674359886
OR2,0.9703492383224551,24.241124578553084,44.258163245852785,0.8747138726088071,4,63.81592590052665,146.24040584844062
NOR2,0.7482672350977204,9.23298255744125,34.7618760535149,1.5579140392535689,2,70.00103383464553,36.40313216758065
INV,0.8209469141294194,18.385067193163046,114.77958063920259,1.8405315139108036,5,5.682352125796495,55.098496554241095
INV,0.7062020181386574,20.59916789638486,59.989546364739866,0.8973746176791388,1,29.78263292088303,74.94736540434562
XOR2,0.9343839827322529,3.8122003407254037,80.13173906628141,0.9163413545326682,5,7.849024597454131,23.69232250713745
NOR2,0.8506326303800001,29.582055161026023,60.95431445200035,1.4409389598884659,1,91.77204625996957,134.22399894296382
OR2,0.9991787421488794,44.33282797059309,37.58023363460513,1.89241136207792,4,21.74926654304724,150.15570151839015
AND2,0.8486189038543086,8.435402734699569,83.93316449477281,0.6220745676499971,4,104.94041678483394,89.73931075862552
NOR2,0.8499595557534922,30.292592656674188,77.51408517696296,0.9474711082913212,3,78.98229607271564,203.73807442380706
XOR2,1.0715965993658016,33.57222104063147,45.29935591911972,1.6164296978783261,1,31.383147799307036,93.5762574935481
XOR2,0.7240714179891767,21.54739934054513,70.18690446522778,1.2662239104231923,2,23.13783646457372,123.68137038974439
NOR2,1.1514474975959936,35.35378178084923,104.69475040156459,0.32790232665223484,4,77.1768406061511,342.6623203109451
XOR2,1.1261319371955907,21.12584563105959,84.04261031078913,1.3001375428570594,3,108.5962527324672,135.9443684239418
NOR2,1.0339023416132032,25.72722711089431,34.69173270669948,0.47108301504297456,4,87.61142517515388,201.18587148675465
NAND2,0.996610785053692,1.360299183166922,79.80214972291351,1.0792059560673997,5,45.082864934388425,11.45500596493689
NOR2,1.146151249069826,34.89428559259975,95.27382992895869,1.1147141432016243,4,72.54911345589443,184.03694440612549
NOR2,0.7926650897643572,33.405791268291495,104.27034057807514,1.7672623209829714,1,40.73759496782846,132.93229173659014
XOR2,0.7394845810954143,2.8816429889908837,87.91175786342667,0.9894892351433836,3,119.90220017954577,23.188879556320007
XOR2,0.819755084954769,19.04425526236152,40.265816454078376,0.6453517538034811,1,91.11650667311288,152.3151620595875
INV,1.097289139350095,48.972560198791705,96.01732665901606,0.5542167346461393,2,75.65388857202667,202.555566354477
INV,0.7173351333632416,21.616091565862224,92.73418460815164,1.7635935281665518,2,53.67480141807036,77.93207217599492
NAND2,0.9914034175417448,25.595324851460244,27.442688294063323,0.44150040630626936,4,76.08751337984909,183.13392919068167
INV,1.197718758095655,45.58657774982621,66.17476675902432,0.9206328944603102,3,44.2858471837435,130.89293458958147
NOR2,1.1278480469187697,36.145831917422065,58.29502469623733,0.4718854560626603,3,8.319456537673537,195.90949931494532
XOR2,0.9607228445217947,29.521436425086954,91.94120642536434,1.5738115954150256,3,50.43518007101277,157.18049115277316
INV,0.7318204546433211,40.092429385712556,46.61358123109207,1.0118205631522836,3,112.0052942516847,205.99614904098385
INV,1.1156867571928548,43.35394705634269,84.08719229742584,0.7801501382468066,4,77.02462589899457,181.61298426825834
NAND2,0.9994892540886052,23.387515515126076,116.32059618141723,0.7988673243777575,1,14.654905853153686,96.27679058338687
OR2,0.7574664985297834,24.280309881659935,104.78023722086077,1.7221627086392013,4,106.77426554042798,172.88137340520242
NAND2,0.7469286424116781,19.916495846939952,117.14577362165303,1.1610950340735435,1,35.92060767427421,96.74169113446032
NOR2,1.154813409718296,48.368600860904564,122.850596693269,1.4695915601267755,5,33.03349170451366,227.26328510152965
XOR2,1.0346001314690392,35.16114646022717,26.067012700616278,1.8064324105512868,5,39.16546140973689,153.35989604875502
NAND2,1.1146433996583778,5.077930244195542,87.27412763774775,1.8152743509564069,1,71.37825715448511,18.609767399301642
INV,1.1394894501411337,43.2850215423379,66.28393977589064,0.7375970221551826,4,67.6391307449073,164.31740531046884
XOR2,0.9858861760241611,24.547437100977135,110.98544903351217,1.9106083747152043,2,61.5125817816314,109.43652840206357
XOR2,0.9587231758775205,4.368941414701886,50.18147020091317,0.16676665818745823,4,87.51673930395211,72.8857867832391
INV,0.915213705160495,27.93614550300224,123.10294891150761,0.8284508547103914,2,41.40183910352028,107.59919404098576
NAND2,0.8584732938955596,21.441049669809402,86.37079695437473,1.804101852116622,4,94.93741998082957,102.76757524580393
INV,0.9172979804293558,44.00972083826862,104.35374022288309,0.6363173340559278,3,25.1619930135389,201.5662759012658
OR2,1.0869398278650781,10.995735576859982,33.55995528227683,0.6333931266040785,3,95.00139074385606,66.84483644094757
XOR2,1.0009617155075659,41.49676586511696,43.34578847588651,0.6889298959539507,5,81.33816210378252,365.556147830084
AND2,1.146261644977423,28.326745868087183,100.84036730342032,1.2711491635122136,5,83.56895559797245,148.67501978445594
AND2,0.9216900071895938,3.675904857459983,27.19865220393236,0.9440656181549851,1,60.3786406696349,5.3819494088346875
NOR2,1.003544789359377,48.62041976494875,106.68779858937827,1.486261492344284,2,81.70517625829945,221.57234023024367
INV,1.0156537765459943,26.118146961056794,26.394901869191145,1.8024320080215717,3,14.176660354337601,41.63448567260418
INV,0.9958485811531628,15.252965857347542,90.71188390612733,1.387494824892578,4,102.92837846067724,59.39983418987209
NOR2,1.0513168865427582,24.000935257473646,61.50939202318059,0.5043974339714419,1,11.38793185107929,109.67941740867457
NOR2,0.8187167341874031,43.03503139235696,86.14948527191991,1.873441976437744,4,22.10527363522221,198.5997434787622
NOR2,0.9561818887728952,15.940253094868112,94.60314069891137,0.6172466018932595,3,71.33081647718218,115.28484388473461
XOR2,0.7521124014041738,10.441143427848315,59.24752191863042,0.40180127521693726,3,90.03231737751952,147.85641226775277
OR2,0.8922556638224062,7.324491099613192,35.796244811083554,0.2891384842586065,3,13.768929899819149,63.24692616920268
INV,0.9438335343106321,15.59511052112035,31.964586774826564,1.1791614324523911,3,110.88795362406678,53.51793117026425
XOR2,1.0261121297727362,39.22235626496213,83.89360225625478,0.33387342946362536,4,116.96487961208034,541.1166047897524
NOR2,1.1752655262931018,24.109691894567824,77.06553537341115,0.3808986621317458,1,74.68426989588677,158.17564407299076
INV,1.0003255332741778,12.14659858098346,99.22010091211325,0.6840573035195336,3,60.342997368336206,50.92176085289944
XOR2,1.0717969580882798,9.14306498087771,75.97355100039371,0.649507658206792,5,90.26042181217122,87.15569574767083
OR2,0.9531330297476013,17.303744349008575,67.2445790030879,1.2559702794244274,1,42.761095517628625,62.99484173703952
XOR2,1.0170520156881655,47.056294271399736,64.80871782362308,1.6554811254086412,5,61.725409922087245,275.3086342173294
OR2,0.7354661080668867,17.808308916911194,27.644690259766747,1.5513373536614377,4,110.35736808365616,117.22447849237558
NOR2,0.8271957904209235,49.41807972177713,58.55572016966571,0.6134707748669762,3,114.90037390277637,447.5009215453881
OR2,0.8809265466025693,24.776292332502454,122.60201575244942,0.5811837362136423,1,111.61294834588628,217.99856287025722
INV,0.9362466775032567,9.779031996217393,112.35555762270889,1.935688076601099,3,35.18152770084162,29.45861105009432
NOR2,0.7228243727511918,44.66586449788196,57.93780670342177,0.13548413419288502,3,31.733939624927793,764.9298247888861
INV,0.7700120487766589,23.557413283606518,83.77954050663722,1.7738746021532057,1,39.23141818187114,61.728624340815166
AND2,0.8384071538956528,35.773895831721696,109.7296745535494,0.4954896159501213,3,55.750777924672924,331.80003681852963
NAND2,1.1857663454505252,49.201867577248436,69.12743367500687,1.9008945274087634,3,41.129252471075816,130.53444831802608
OR2,0.8656735035515253,3.458592165678726,26.795786375015098,0.763537695475737,2,48.03447150999167,18.857842920650423
NAND2,0.9410205290560412,5.738033429590789,32.45104618186401,0.9478613349193142,2,76.37324949388734,22.046429029267976
NAND2,0.7980488563691964,36.30238033167505,76.03927213487066,1.4493867542154362,1,92.69045286580723,156.69119526893277
OR2,1.005390035537884,14.809425161478128,121.94393756758784,1.2248178167697292,1,89.58919280081045,75.17751405175463
NOR2,0.840341607757987,10.030768450554854,94.32095422188678,0.7177259398488268,3,98.65871021410248,89.58491191393456
AND2,0.8034962892192133,2.9287321111667453,32.09161914385695,1.161202121831508,5,8.70120636977125,20.11461737090567
INV,0.9582863142229895,2.0704888873238882,43.93608757918628,1.493728942602226,1,10.489385813056948,4.118505674794248
XOR2,0.7027528995802104,38.949794552869754,102.132314321685,0.19958969829668513,3,95.77904047919237,930.189435366504
INV,0.7038320163246126,7.58723794110795,109.14397599562447,0.14105469388072372,5,66.30406456733267,125.34898528182867
XOR2,0.8095344045509288,23.918310182586392,86.76945861885909,0.9811658454570356,2,71.48617748264384,182.50226786074967
INV,0.7183606812504105,30.68894394379467,89.44231696298166,0.36785284147060665,1,11.047488924653365,178.38315478532095
OR2,0.7540128770653456,21.989238227873468,27.833745038338463,1.368967267953663,3,34.361087134696156,101.20976731251112
AND2,0.8694303246693758,2.328225964475422,107.85302595815085,0.5224186177075762,2,78.41074506182994,23.942706154034475
XOR2,1.1012928397899064,39.391573626807535,103.82752081708297,0.9337600807758614,4,103.80591736272775,307.75272038881445
NOR2,0.9860243216846504,1.5151480025410209,50.903514410334715,0.4916213613236256,2,110.45309067586129,10.616741623958127
INV,0.9563338629782081,38.33260482449671,95.8676719965507,1.1511491412083539,3,62.5482420210344,141.0347731652381
INV,0.8467444116040608,44.771920195618016,46.48546064249981,0.3381805036429895,5,67.72953676489273,354.2266027646037
XOR2,1.1658768597164082,22.209156131801443,29.033016105151297,0.16344088324046288,4,100.80070757293394,326.4982985938632
NOR2,0.8985075206185957,27.241581181792114,45.11365425903773,0.2161274796405907,4,66.82682908594579,352.70911228265203
NOR2,0.7435463833978857,24.372186238265034,42.86288767542995,1.9140058700487825,4,64.4387304367915,124.86727836389663
OR2,1.0085332580589006,20.071222312548503,58.77479967348472,0.3874980909885593,1,109.08466434250967,145.55031507866002
OR2,0.7569191967383007,44.48380223314765,66.84494971754582,1.45193911589725,3,95.84226292142621,292.1345266077097
OR2,0.872611571400846,44.802742022829534,75.8538891497708,0.24770126393891334,4,109.54334053154888,701.3730486635455
OR2,0.9537059693589044,17.455001867435193,72.67538755083281,0.32334146220214244,2,30.098411299832687,146.01004400693893
OR2,1.1371112623425879,31.138417946720203,52.06746059652894,1.076687352649549,5,65.30318096536602,162.60615920371484
OR2,0.9467732901700593,46.41847054514734,27.91706685740745,0.993957348690166,3,101.88429478823616,264.1451454673134
AND2,1.0511293830158321,48.140866448126225,85.51016222371507,1.9089709817469547,2,17.78200015871753,139.58402215941567
NOR2,1.196408419499535,25.93899298068033,64.57448298473544,1.8962906516789861,1,96.38614774380561,75.88243805833264
OR2,0.7657445599489907,23.188415458932013,54.86721573875497,1.5856642479798342,4,26.04193909270999,120.78108452715487
NOR2,0.8373657627597597,14.656021480497763,111.69410428305123,1.2519514406394174,2,97.93365682331194,84.97809068686416
NOR2,0.8972880377988232,47.98472178633009,99.67433077981597,0.9753253966988606,3,75.38010781903984,316.9261328751403
NAND2,0.9109140892694156,7.997900919170501,110.77655483724422,0.7896156445374315,2,27.22213902075972,36.53898413415406
AND2,0.9055105376327728,29.411649226338525,74.4982794712461,1.900524588314044,1,59.43573062327213,93.52176296755145
OR2,1.1538055012782773,14.844963108413305,38.09312521267775,1.2534685654784088,5,83.41909414298874,69.65987463742837
INV,1.0570163222334281,14.671406227042034,94.62214361212725,1.2086563520496696,4,77.89308360160737,59.1802108412389
XOR2,1.0039526070453517,20.843460781433233,45.60737799371752,0.5559741089255599,3,54.133427566646006,159.94693177753362
INV,0.854686358931391,49.940853854967074,69.12296690917168,0.20779189762401257,4,108.4271508259066,556.1183206761018
AND2,1.1118951921106472,3.6933490351512814,31.50007889488885,1.8969545299479433,4,64.7152926661021,15.037969298446198
XOR2,1.1775302557424945,29.34854909197304,107.53084024229824,0.7098222866279493,4,63.17473933079916,218.20140972570718
AND2,1.1105991412751133,5.046035743728582,37.59406410475006,0.9520673638499824,2,12.158817843267242,10.094669295081706
NOR2,0.7007825525957364,8.57152066953543,115.30975070493096,0.33552309394112884,2,111.04384482672826,122.74386316420433
XOR2,1.0182006850917036,22.538584146872036,111.42306022615571,1.6934177402294688,5,25.368405398012897,123.23622625375704
NOR2,0.7255676907210503,26.012546435975622,71.4582764439246,0.17194784576914957,1,65.75963974520373,380.1924953723891
INV,0.8288036101668609,13.680828009861676,99.43682043039907,1.6879026327463014,3,97.41027416103566,56.52446823659468
INV,0.7297623501738858,16.506399412846392,86.94450738181533,0.38373582404137757,2,29.77712684989898,104.83036848246049
XOR2,1.0018977264746938,5.26138399254072,105.30756423377449,1.7867405317465659,4,65.64792834664672,34.93816892858774
XOR2,1.0432949567463035,15.857769408368275,68.18051007859121,1.4919725581919758,1,32.6787645606842,65.84522767647306
OR2,0.7572438190329525,48.36136352964666,103.580848424435,0.42958009351373355,3,92.36492474698986,628.1232340881218
AND2,0.8919194415224897,47.290661701951606,71.2456817065148,1.1837378265758,3,69.89923430541234,258.0057071929133
OR2,0.928118254477771,17.409036216712266,119.09657878427939,0.7077938709878125,3,103.4372239454415,156.85526098555917
AND2,0.8845265108804583,28.971842877659316,73.63721008251476,0.4550782259537769,3,107.87417033089903,281.7924114878733
OR2,0.7605125002425965,45.570174164436274,71.26192719337296,1.7352625348928836,5,79.60435048122078,302.209001288654
NOR2,0.9094738950937377,1.3030073094039372,103.50718615635127,0.8786228010335912,3,88.4199933082786,2.934634768657686
XOR2,1.075589023904209,40.723494946542004,107.15776917608379,0.869262183006919,1,68.16031148698933,231.98369447389678
INV,0.7355038322666276,47.47010808665703,80.44891143211707,0.4393869486364456,2,49.20930430274903,302.41989848657056
AND2,0.7400900070409517,5.474960982344296,42.97978134950754,0.8401634710412639,1,79.53356114739597,31.916519119274298
AND2,0.8773856459179921,8.910936615613132,71.77582309575796,1.7586396710982382,4,109.45319170104283,48.053784241044305
INV,1.1708628558094625,48.076568835796415,121.80725029096784,0.8026819757205155,5,52.918243749615364,197.2040974695793
OR2,1.034286323361457,27.33946703837697,100.29861930391851,1.9090146974996014,5,41.157153032986464,125.04591358789983
AND2,1.0393349783362824,1.6956350891144614,106.11626038791321,1.8990607305117684,4,49.67024793354602,10.39598100584879
NOR2,0.8809599954189324,13.623967939412928,28.282549881924012,0.3924094794978105,1,55.07072747433396,93.48158876177344
XOR2,0.9968303956042692,23.04724003917412,71.785946263416,0.45334515662257235,1,13.459518332437364,145.07068778837566
INV,0.7050655920138716,34.952536640213616,89.66211336575553,1.7418272522239515,4,62.32081165002435,150.72715095378643
XOR2,1.018048023204771,36.924858528703176,108.00326836280748,0.858390527578472,3,61.84613852575686,268.84648743939306
AND2,1.1566434737881184,49.77565413334735,29.927365358277147,0.12822308669205754,3,72.67104017866016,560.6337876440971
AND2,1.0062867341724095,15.088048769804193,110.24388856418732,0.6348790210460974,2,46.72430350420312,96.97358264044604
INV,1.1368492967331725,27.372784991555285,79.84009367419117,1.2435425072076527,1,75.50737353489282,65.28616080480086
NOR2,1.061986527733047,27.132853845120646,44.731397057605996,1.6226200160047397,1,105.99487568153334,92.20673660652356
NAND2,0.760279208201845,20.876617712914637,56.72552164497,0.3707706001353279,4,114.87916390694389,255.7787059746255
INV,1.1512266536429208,9.288932798278589,53.19295517515607,0.32781776510346244,4,72.1154048562207,56.15000308759719
NAND2,0.7332219221778874,48.89537159600828,78.08590342884759,1.8535341887159833,3,9.897959706586006,197.89422530151492
OR2,0.9669837362738818,42.812542146662715,30.168567991113182,1.5321589315064552,1,116.46213968571753,167.2433748715982
NAND2,0.7710685618967288,25.418318386417624,40.85361584999235,1.2287856494627873,1,86.17413700306948,109.79764776268809
NOR2,0.705853305365452,30.55902571151746,106.26930433757823,1.5660711651923447,5,43.63581958366999,215.60280725985407
OR2,0.9110171300638195,12.135791624423453,38.260399074681104,0.9262461992564802,2,21.92313561082819,46.831684668727725
NAND2,0.8475203538270781,27.6455664491956,48.3396269458127,1.5458968049411579,2,21.49314040717162,89.07893732923128
OR2,0.9430002468988015,35.053536522952314,70.33706056041574,0.8189896235961271,3,24.290606706054312,197.09482775244052
NAND2,0.9885999433672754,26.24318439094285,76.71208881133305,0.5788977962860924,1,10.240839985589336,115.76250104424761
NOR2,0.7218695361544736,49.52397335866212,101.36104796141586,1.490545232030781,5,108.74773169508482,428.79112111346996
NAND2,0.7615016475618728,30.955741156138583,69.73324266661878,0.9089839092556644,1,67.18834677514367,172.9244458188224
NAND2,0.9793211982252126,19.177711917016282,103.98646210355388,1.9649889561332463,4,85.49533246209128,84.61724157194396
NAND2,0.8715836765863291,38.83544935317607,86.83463070454575,0.7770321427392298,3,100.23247856585536,275.12834863716904
INV,1.0645867437747238,9.35266306750046,36.30997394238224,1.852847550598404,2,96.02721572831803,17.815572253513437
INV,1.0261458242959698,19.84127487160706,40.63314383928386,1.8739695913061094,1,106.49964672881678,41.58340478029964
INV,1.1228021814949534,18.000988568501707,68.70337254497709,0.5746835404817227,3,116.23428159036946,83.98474533198507
NOR2,1.0462464133346125,22.158547660281087,64.68893930890395,1.620655821385465,2,55.49312069532305,79.97856763092236
OR2,0.914965538695074,39.30721147050759,99.35442696372945,0.9341800696717824,1,114.28857866686491,249.21639170765414
AND2,1.036483311197216,24.724478576006966,83.07371397973519,1.8449464871930543,5,88.17834405942388,115.21143244060646
NAND2,0.8376905871277092,39.90670806303218,63.81330810022493,0.9662336325542489,3,13.126841885429025,187.07673067067196
NAND2,0.8531567493891064,29.247956253853427,42.076028345038566,1.5192909885942483,1,83.40505893941972,108.93355322093234
NOR2,1.0944925799603966,17.76140229822021,47.683710232549515,0.99789872922794,2,83.9724158545576,81.64511863247519
NAND2,0.923209758200791,40.68895844049015,82.5501018469059,0.5482654207401696,2,109.17396483614061,294.78994651835995
INV,1.0991901702591762,12.676193857101488,67.34388048997924,0.4947782424160102,5,47.887195234060584,62.724187778833674
AND2,1.1112111868341392,11.994766010189979,76.49275088606721,0.9198106452019296,3,72.26482253125904,59.82036902100305
XOR2,1.128781168830642,25.720643278686953,42.06774353022337,1.540329955186724,3,6.401568366350389,89.4126301937849
NAND2,1.1583176179206036,13.781613052142356,91.29062523445658,1.2575343921398416,1,43.18865285085364,41.051094595336345
INV,0.9154926102566481,1.4452647126095997,110.2538740855967,1.4146230650130214,2,12.158028508259807,5.529986398939076
XOR2,0.8594334091605693,32.766578837641276,50.79395067869006,0.6507735393760518,2,65.01539186796315,256.82196694325506
AND2,0.9910993732970569,26.043597252147503,74.15142258318266,1.0250984504002982,5,99.00647980829962,170.39279272236823
XOR2,0.8855862117188138,22.830372910164897,122.55273290209018,0.20346309814233474,5,28.74090959484293,430.1572902269584
INV,1.0005370834001164,48.38145721629745,58.32417405507277,1.6569609420012668,3,65.65572023914453,130.98292248493544
OR2,1.0527929313219122,28.98876001418277,84.50463449237611,1.9809972650109642,2,28.460993198738212,91.45166126750196
OR2,1.0442025092460683,43.30814731167984,34.01957002002444,0.8849326377343812,1,18.87917380231765,155.5015596842773
XOR2,0.8872764435100606,7.833061574052849,85.60150024794432,0.14061166788730148,4,63.76463107244938,163.56042943021333
NOR2,0.7834301008493764,28.891116693341957,33.96317733046179,0.43921016235578103,1,14.102091409218678,180.51327888286602
XOR2,0.9152646692311037,43.53100170981424,120.92354353238221,1.3467505301707874,5,72.54578258086877,357.4701582287587
NAND2,0.7712970720409543,29.572182106715,96.56626520723114,1.2707091182232553,1,8.603807977823521,117.73744044934749
NAND2,1.145048517591904,36.182694728223076,103.81597881357064,1.6011856728208225,2,17.272221764863186,99.69046892047034
OR2,0.8729387303689287,19.23013482279816,95.41043607716368,0.5973019406068081,3,68.24971083104614,165.75547240572772
NOR2,0.7772298736116618,5.530026334816264,83.97290360764657,1.555628001228612,4,73.0118524833751,39.73532057101794
INV,0.7127238799528754,23.4371144612265,69.99127810855053,1.4134099604644992,3,8.33349696078218,72.33037415282655
NAND2,1.022911193143242,20.329490151104018,110.83733797610624,0.7268912557020254,4,70.93833062017922,136.51298055800933
OR2,1.0184511587273715,43.48594893656842,120.6835667543063,1.1455177183470886,4,101.42779041221826,297.76734520624007
AND2,0.8703020832906458,12.95576981527114,74.90361729040814,0.39687475997685423,2,88.0663603888047,113.88921739939553
OR2,0.7358559444238255,48.3699771492203,118.1535049155262,0.9708212664588953,2,20.086286950891843,325.4945203633116
NAND2,0.904814447447616,47.94876787042031,83.33329099885175,1.7766509983646048,5,73.1345844698157,223.99772129599032
NAND2,0.8556087475316967,13.133950510500496,78.83841868964332,0.9118397940717347,5,82.30903750853454,96.98210688777638
OR2,1.0385603198675046,18.054545818388704,70.44827329553567,1.6983854081737932,4,9.281588201513554,67.02875498525881
INV,1.002889624726345,44.882231302820365,45.92877615301199,1.2296763266882254,5,103.3649818986166,170.70120563069253
XOR2,0.88229686409877,48.36448882390927,25.37196608180592,0.4807282206324307,2,109.22075068833047,458.0230973186652
NAND2,0.808946277127495,22.72851603896616,49.15062268560612,1.212479740032045,5,102.80201143665974,149.24651518831493
OR2,1.194017983077796,16.728855236403994,75.97231716035651,1.0712486588152792,4,99.83261881874802,94.1289195199021
OR2,0.9270008105980574,26.77860664932556,62.99599522597526,0.8694457101692019,3,90.67099782300272,192.5001229102862
NOR2,1.0441371178901184,34.700691111921,69.84852280026338,0.3449052262902122,1,77.84468359742542,255.95681973259363
XOR2,0.7702764837891803,14.40025125337401,123.06482195640496,0.903412288032792,5,83.04210557364897,178.21021158116176
AND2,0.9427948498296989,37.08718555633457,60.027237066932756,0.25679326733049895,2,97.73545873352305,382.27104833207255
INV,0.7137683599347326,3.5312104986174107,70.2182939360108,0.30568581662965233,3,81.18732271155002,33.81410769669717
AND2,0.9527275589552249,3.4154301454564058,38.351555135281956,0.9019230819135061,2,42.68860001843816,13.38360800712461
XOR2,1.1820087035588511,19.928097552131717,29.795773243698765,0.6941171861007117,5,48.2355267485557,130.06063475725037
XOR2,0.8921033564929001,18.32018641097531,102.54095145924947,1.86002333262098,4,108.1616088628136,121.80209582872321
XOR2,0.7194980062874557,16.46602755299046,82.06831750719786,0.8263269141149086,1,6.969039866673619,105.6875524010285
AND2,0.7154778954596717,25.05996837077659,101.0704806043895,1.544773269495548,1,85.36436684309244,140.4452805872908
XOR2,0.8939933799734348,16.71594553326699,39.98627988865516,1.1168653495685363,3,114.79941852889978,119.71575681199468
OR2,0.780012468231597,10.420638004936505,82.18287711826909,1.4436810570475906,1,86.21623954516697,60.03700855322216
AND2,0.7116760481640929,16.164007905341446,50.36424743413755,0.6090180480689504,4,119.29987864665493,180.16244769372935
XOR2,1.0781068069750883,48.770309367701515,47.80618169000199,1.8907813489360585,2,84.06766413575804,190.7407294591247
OR2,0.9292615044409454,21.144557432747582,26.152601405298526,1.116566374199117,4,8.951748359939023,91.18119676801581
NOR2,0.8446223859863272,22.790926066058454,38.03407235690719,1.6828892540162692,3,100.10613638939621,110.37109037209942
XOR2,1.1500415915082403,29.25070450760586,55.92681114996954,0.8062859037350933,3,37.7324398730217,160.83751579074442
AND2,0.7580694801002628,49.1836976522971,36.6878760590939,0.3083973362149861,1,56.29658095141071,432.5234569787142
NAND2,1.1779594144776595,12.838462545352387,123.58584404109375,1.3865778977151957,4,40.890570329314436,54.92122081839639
XOR2,0.8569833586886764,34.38282341608926,55.86326485239507,0.13458813887435803,2,35.883722214113135,548.5184466283803
NAND2,1.1442018361543407,36.08324998354448,38.03239467023282,1.0135507959431556,4,54.61165592202532,137.91145236395215
OR2,1.0014714382397307,30.75889642286023,44.908231282795775,0.48246757701294335,2,48.556416570677484,188.51612988897375
NOR2,1.1133536798707437,5.34033864219556,83.77032283414765,1.2994659483384807,2,77.83393691189778,21.04380484441381
INV,1.192006581605232,34.166741515551244,31.404352386478852,1.961309361499162,4,98.51238811356372,81.13219451516991
NOR2,0.8442027189093728,4.1406408407725985,111.24341301411569,0.9930774638828144,5,39.165195116532686,28.2961194750159
XOR2,1.1805677427037964,30.21098982794495,121.14996792371473,1.6568967222682531,4,29.577932574532003,140.28815296148306
NAND2,0.8947409474512101,37.23947768386539,49.674742066738084,1.0746342714681074,2,81.69295615008936,172.79378707998606
NAND2,0.8927559523684612,11.33752464037757,70.00952685908594,1.0521792584755651,3,82.08680757053989,64.11333981819581
AND2,0.8701935521272528,42.23947836959593,27.213445102949706,1.8691961671761022,3,108.63009251790976,180.82629947368423
NAND2,0.9707038036737925,2.487336471117209,89.07102247272215,1.793135833243761,1,6.833753942130747,7.110729512703273
AND2,0.7770725215892436,42.346830319257,66.39260580525888,1.5973048745533918,3,103.09967614339865,246.7722696594258
OR2,0.9768557426790055,23.55612348149549,52.00584661015557,0.676960816235554,5,64.91524988906104,178.08804404956877
INV,0.9708524062050019,11.66180905665058,45.683711061660844,1.144615821561008,2,76.44974025479137,32.65409925526822
XOR2,1.080950906302435,7.555129104704433,90.40230776587605,0.5409267986146877,4,15.5077156645627,50.62079085003079
AND2,1.1168249809687927,47.712051211536256,66.62170310323144,0.9545633923274948,4,54.75071728028525,233.77115481989085
INV,0.920220675156212,4.560613791476679,42.9659289029912,1.0303205636284063,5,31.139776832430236,13.578883355810412
NAND2,0.8511666246757468,10.755577576860357,93.91090814868241,1.683483275518342,3,34.235878459488546,42.075855722100066
NAND2,0.8296674486585471,18.04329502421925,81.50722830366936,1.8045333268109869,2,62.97093818774315,67.13817262356687
INV,0.797311918352436,31.391507599094904,110.86720549294962,0.8994857173053783,3,98.43243429635793,177.20259836091705
NAND2,0.7288237910995123,27.69525317852882,36.74758988764929,0.15328435673768595,1,90.53480696665845,380.88640712550085
OR2,0.8712239894173566,7.156531128203385,103.56666019444562,1.7401348188039867,3,72.96499529488469,39.12652390940161
OR2,0.8351238460653916,15.196671203172517,92.3516786817259,0.44764391558255806,1,67.03309216664871,126.9749353925617
INV,1.1832086929332037,12.69883678321518,36.50109368280978,1.2891380921139397,4,54.140194971966345,29.867014538544705
AND2,0.9788544131250219,11.463599870026728,94.48207298717207,0.16694529281616663,2,116.86164695955942,158.7457426336107
AND2,0.8736385195152537,21.146072487519366,69.15472888798304,0.8710721734898608,1,69.42214373693683,105.17054625475502
INV,0.990233800496848,35.497541176991184,119.49847855558431,1.9736053679768575,3,34.20613580590555,85.9862406203301
AND2,0.7695983506728477,11.655193678644562,39.161135061789935,0.3093039700751498,3,31.46044108460455,114.52715929650832
AND2,0.9220218746011014,18.96726510544609,89.2833390815738,0.9165431257593275,4,75.3055985391413,130.61970237445792
OR2,1.0131171607105318,20.15495391521695,63.1980045462946,0.69744190635711,5,65.1251656407568,149.7109068910559
AND2,0.9444489158962257,48.8463699423351,120.68146705908778,1.8215656719699367,5,5.88524733979197,212.28909872975441
NOR2,0.9008894003271621,47.77865148707438,57.997489529027646,1.7543594028658276,3,100.45751780251463,223.4496245976646
XOR2,1.196924194449849,40.20674155485172,121.21859094918001,0.5668736693757102,5,85.97407073672998,395.9569140099577
NAND2,1.1401573810744634,12.841287120140073,115.1485851100749,0.27263303965481056,2,81.1103683129819,104.74477256004775
NOR2,1.01170297907972,4.3338283904918145,52.038323531065636,1.299020180834901,5,12.90977563523078,13.664354781639402
AND2,0.9846886805911413,16.52830274831061,105.35417768264277,0.7523731783413743,2,46.636422769836514,93.66061643942481
OR2,1.010330239912292,14.072932922257712,124.56042018035059,1.3835186543393985,3,112.5689599842704,92.68493231693505
INV,0.8006560539112166,25.7903642071733,50.26630021712823,0.1803851414074912,3,104.19776275425683,278.7932985756232
AND2,0.8975688716321593,39.10866759332186,68.67771693233196,0.3707905621336801,3,37.837437854996345,329.38455529449845
OR2,0.7197297664454496,43.05782400506404,77.01807365667597,1.4103797976125694,4,23.06177167140095,263.4628960363407
XOR2,0.9377730187434132,42.39834018511492,54.493113580386435,0.5192568319686958,5,56.64511507438636,433.1353783116103
AND2,0.9715122919788315,18.62410249993032,26.526483964602974,1.7322648304333148,1,45.920493546781,51.96061595662402
INV,0.8138748680516048,34.67448282957346,47.012924419752665,0.2301508688950546,1,83.45603332118897,252.26897690692272
OR2,1.1820144235827568,16.32887567868678,53.19368843417585,0.5251061276368802,3,116.14000315969676,112.17925373194299
OR2,1.154727305468621,3.984371618523953,69.35997013181871,1.997293267151929,5,46.74516674799457,13.92908193877166
OR2,1.0610716177279529,35.376698014544175,42.11024784134019,0.9341830728631701,2,12.15577985500783,132.8715216906325
XOR2,0.9666933143826812,1.4815500759196043,112.32543566916726,1.4415754474639297,1,108.22561095937431,13.506028332368398
AND2,1.1349845798238425,21.04994678546594,95.4911132731336,0.4634065318511857,3,9.364218977585143,123.0532761598988
XOR2,0.7653261719117315,17.13958419580171,33.520047755966196,1.2665532217728108,1,114.5680781726333,106.98665688392578
NAND2,1.0952548971374425,34.97549938742377,90.00924511399315,1.4850794085345067,1,81.42663422103958,116.3088966570327
NAND2,0.7624104069834241,38.54602816525857,90.36564764056205,0.7112160754290398,1,113.29425897082415,287.5958408698626
AND2,1.0971053312747028,15.900637162592908,120.62211736436277,1.6783265705146502,3,27.9608639646325,55.60441999271542
XOR2,0.8378837841256784,40.76972370779782,25.302087135616127,1.2544250475278924,3,9.680476454187877,198.44146618240129
INV,1.1385452905090945,15.401921264741754,49.79324498058072,0.8515512580762568,4,61.14414750179656,50.51110446271932
OR2,1.1720210469126988,22.8699916393415,117.77914793753155,1.168367699485138,4,56.8216926755644,120.2330960602596
OR2,0.7743979847025577,36.62390782369256,118.21339153982831,1.2043103931795376,4,43.121611424311524,267.28545381429876
AND2,0.9313378025326967,34.95309123201464,97.05864193706374,0.4312063502644681,1,115.1304945547002,291.13345000648155
NAND2,1.1904936890813425,49.3810551432978,101.576332104754,0.8771368553498963,5,99.5971291985647,297.74147587640266
NAND2,0.9417037179865733,12.032890186580662,34.14829579296471,0.765649505476647,3,81.08193245819324,71.62443420996348
OR2,1.1317737612572725,33.45357776343953,76.38758347782336,0.873697118448757,4,23.72870353835019,171.28651267665484
AND2,0.9943657610656599,30.874413505513093,48.15829912889994,1.550887906352285,5,89.44719194513034,149.27446972355546
XOR2,0.8876649539598009,45.83982427001146,43.121804361361725,1.0271722060373445,4,88.60643229046826,346.1331183075353
NAND2,0.842891777762935,8.661744940598878,106.03032991233326,1.8877943680898168,4,53.88283996584086,48.23517875262167
XOR2,0.8016115455430436,37.83811001575972,38.50381366805474,0.67211165711386,5,111.35037961711157,455.16217593744
NAND2,1.0808990956888485,28.84516219716965,71.86516369963853,0.9015227271756664,4,24.2024564563362,128.32259712773973
NAND2,0.8932702534115139,14.458627619607366,118.8578239586033,1.5994788037005978,1,35.74381967734139,44.17347965868202
NOR2,0.9556377311003755,24.24731079321153,43.58320555653425,1.1465262354430104,1,12.270799013822868,76.94006879710936
NAND2,0.946162740000591,17.355053256420092,122.79934237382346,1.1484129152779616,1,96.47686019042256,79.12871016999101
INV,0.9886395146165656,29.386356736634582,124.4287985761059,0.220279506449745,2,76.50232940097068,246.92937568697505
AND2,1.132788572812276,44.561029929918625,80.5617154682403,0.8693673659106969,4,41.218135153343695,215.3799641095103
AND2,1.1903696717917147,28.8959442361979,42.01427401771579,0.6289794169528571,2,23.838571313346268,121.25901287040647
XOR2,0.9037921042869084,31.954398498002618,56.61048879408956,1.9987500309224968,3,9.616993553305143,124.86523222536061
NAND2,1.1137594610531516,26.418644508620762,67.44928326765351,0.6997075327887433,5,24.175740391982707,131.5211942756734
INV,1.0822638973273588,3.5071098158283194,55.932422435822296,1.7828534854124631,3,57.12773432883069,11.923253651986489
XOR2,0.9867644757277866,12.410069286928618,53.06355798765158,1.3913194218760976,2,33.42535143621971,55.17039505378577
NOR2,1.1780235718059666,25.108084742172053,122.22297092163575,0.76092284928113,1,34.78295040467617,103.6518097673615
XOR2,0.8002372577642014,16.201528903490534,40.336482741574564,1.1418446313433523,4,105.69128216678715,135.10917025136834
XOR2,0.7546321051548106,9.906416290298516,98.33279087168623,1.7002074543044843,4,64.24083244802657,79.53417825699202
NAND2,1.126980983477711,25.702509254003477,25.04102894391749,1.7807324002981142,1,88.86397690976769,61.415853358235395
NOR2,0.919574908316874,16.817679878944666,84.61826694023769,0.421540485011553,4,9.106759138236455,144.2446104267624
XOR2,1.1234844271035302,13.64727451549732,116.59430039540524,0.7583975054713589,5,46.9937859029733,106.52714179266472
INV,1.1465451025977074,23.73528545457866,53.7934094093219,0.7502195788015147,5,60.10447495047581,86.26991755178975
INV,0.7312287968095357,7.530928646026484,43.552597525771915,0.19904421662277602,5,26.43793834917124,77.78658550599042
AND2,1.1417323814930302,46.459540920694955,90.1679794878427,1.2446869885215655,3,18.822027266236947,160.58903017781705
NOR2,0.924159527684711,43.51740279804271,96.26014072983932,1.7270616996253134,1,105.08493452748189,187.29928124923308
NOR2,0.9552162445021161,35.67340870128623,93.80305189519814,0.8373598491119734,5,113.0346371164766,308.88882378558543
AND2,1.0132962555466052,6.204477551834354,56.931688002137406,1.5112675765702528,2,14.062770275221851,15.621937577067005
XOR2,1.1631913033650434,39.01798546901496,50.22024021593309,1.3000767775693909,5,45.13715194238095,201.1807251410476
NOR2,0.7095580472148819,40.58990907734193,120.59187999620443,0.8262196227268415,3,115.20284723661447,434.3763242367107
INV,0.9384217341589085,38.620466268002545,117.32995082699294,0.3851924230455185,2,14.563599310233462,203.46773567763537
INV,1.0438610212152803,6.584328468842817,70.73166098928203,1.4535288432188185,1,79.01875788105352,19.50054398757068
NAND2,1.0613534788491141,32.55148989632047,109.61938661543734,1.726582517609532,1,116.80545766120564,123.90936178372846
NOR2,1.0462662157685538,41.88191499172053,70.2323477634296,1.4094064457148046,5,117.49572188685808,238.34057221064108
XOR2,0.7672175647040609,29.290316659763718,67.43890180725104,0.15361154998545795,2,59.19068305393047,538.5930507374745
AND2,0.8496977941858406,32.67396138617636,40.67629475992946,0.5265178414550635,2,23.71614739497377,203.50898768974125
AND2,0.8793577627085067,23.459810491889,67.64060564919728,0.25062237158104,5,28.239696222405467,281.6866239351036
XOR2,1.1022186038397526,26.906658674318578,78.7416938599807,1.1923258672033064,5,107.30416043930538,192.8471939885205
OR2,0.8393799362072765,2.6844660592345355,27.250432742868647,1.5421780362199753,4,109.84354549791964,14.876499733344872
NAND2,0.8053524819336015,32.309188076690944,69.41130051754064,0.3278888716890797,4,74.90615904545879,369.84992097908975
AND2,1.178724009519048,4.990913431666801,103.13562183952003,1.696075102715564,5,93.1102859390398,26.44625798121419
NOR2,0.7044316425567344,22.315715122670944,93.00460563742699,1.1643568793835084,3,90.09209391909694,170.7959970614644
NAND2,1.198910427840989,15.340099785702984,88.5156988863935,1.4171417428264428,4,81.10948376874731,62.860346479578844
NOR2,1.0384106494286978,27.72596956037394,115.95554284372025,1.9462354753842548,5,100.13684981027299,151.52081532738976
INV,1.1142346497245585,7.537400440637147,26.803200982523002,0.27732025790567094,2,83.82176164963693,41.464610417610174
NAND2,0.8473096981730965,34.89052669669259,80.70475861922341,1.8143011631982437,4,66.41026516096242,162.12063003455015
AND2,0.7071576388335299,39.95556530949505,103.73488484097071,0.35707306845632947,3,32.24998169763803,468.4209665402699
NAND2,1.068934759280765,9.004368037414668,79.13353827012672,0.8587625564769626,1,90.54713657364118,44.31541292260863
NAND2,1.1170722985003378,6.111341280242226,57.389555258037916,1.720704749102495,2,59.445354801401564,19.39429569934678
NAND2,1.0702380659767594,8.1302586565806,38.62505650919778,1.823757965067192,3,38.90104366086357,29.381831044732174
OR2,0.7714251436504193,43.97925053302659,113.75630718161914,1.071978746264873,3,97.22382171030416,360.48027815366186
NAND2,1.0767139611284846,26.881273826061452,72.0762392387603,1.2369167199577993,3,85.12206404059826,117.11753213131355
NOR2,1.0844613910538206,23.895788804367626,112.81151969857014,1.4513169890452875,2,112.7940497593405,109.03029250927851
INV,1.0292702578350275,6.22887913601536,83.58521224331683,1.6855862966911026,3,24.02578860217094,14.41402880723044
XOR2,1.083057966397793,32.82824433109113,92.41921166150007,0.34844099873081236,1,79.65676773319672,300.90634134972987
NAND2,1.122960719838866,43.531980002859406,105.426115437845,1.6429302994709478,4,33.08753883014024,148.87112819250487
AND2,1.0068020571187293,41.58110759684919,90.91555446001344,1.0247991629618394,2,108.9120433096888,235.50526790405883
NAND2,0.7443023569848395,31.676680740059265,64.80548406789377,0.9671720392033577,3,16.442432639510802,175.0460680446341
AND2,0.9438139048336054,4.688657115932008,76.3633383928651,0.9169315337543567,5,80.45860774116088,35.36680748140299
NOR2,0.7388246673358025,6.507454331624635,105.30455246758798,1.07731778026256,4,95.97485797572344,54.50488457880086
AND2,0.9037715155162154,3.4161403683814093,62.36502963729842,1.8966950403818545,2,45.815551641941326,10.969719187557939
XOR2,0.9035532445628138,13.616481608130997,63.81214567684971,1.150623092849245,5,114.72587912913806,117.18983554690868
INV,0.7330049220701207,7.64741189085851,34.569011605800114,1.9119737719347016,5,102.83402872739428,26.61943609089844
AND2,0.8744102669847396,13.74235397236926,116.45844352217478,0.4589454455574043,3,38.88110446376389,125.63609150713053
AND2,0.7554990493956574,19.867844730229123,34.103631494544175,1.4813756402053502,2,5.867225662339848,71.90549703143438
INV,1.104117605004611,47.206156419485644,89.82091774485559,1.6470103325844447,3,39.115575253577,111.95285445220993
XOR2,1.1738440129822354,30.908426929302912,66.31944788027977,1.3967622029095403,1,37.35070410413539,103.94560294775664
NAND2,0.7361582376289693,41.91371549846515,65.56193902554423,1.2610138868258958,5,107.34592986260454,315.20462781734557
AND2,1.1775576036458506,35.80722353490428,92.95518365726839,1.1818480284420225,1,116.21893549929597,146.31509931859208
INV,0.9612882996683725,6.512653395804955,31.70937326298787,1.7385493072479483,3,13.100598386579941,11.013194084960135
NOR2,0.8497828389769368,37.060099912323494,84.37057829514346,1.66469560266926,4,59.19890528133142,200.88053374854553
INV,0.7384310376380817,14.479845196397097,102.20317859723548,0.3499027958195271,5,68.0581798309265,147.2095883576125
NOR2,0.9503121340352089,32.31628450274061,107.82127578865942,1.7153447952180507,4,15.68484105291588,137.5458558480633
XOR2,1.0972577722453742,17.70713670850644,42.05303893937753,0.8984490045480318,2,48.412236550815095,80.59683163708212
NAND2,1.053543238633349,49.8859408999683,114.74190500781737,0.5969500403921242,5,41.464478000189324,356.8746773103537
INV,0.7251130057319868,13.914022495342113,90.61460918474422,1.7551649078661806,1,66.64648074761504,49.567288436891936
OR2,0.7364509176839518,14.677393067939214,113.18548008206828,0.9322066233114342,4,81.03695346917287,145.58506093437185
AND2,0.9014366413163185,46.60294052255752,73.52807171101983,1.6397256175324153,2,85.90078770710515,201.80049426960088
XOR2,0.8476452470239716,2.2075758271798107,79.20333450972021,0.6151987904769877,5,20.726827715539567,21.526682304721156
INV,0.8161921615280239,35.13776040578665,116.90382770286712,0.12738712427376947,2,98.48898572363146,472.50746153931743
AND2,0.8405022494543568,36.54099314605803,114.99095433546718,1.0514632826575354,1,83.03233342593728,204.2546438295249
INV,1.1017413716484423,41.98255029310957,69.8160873369002,0.3084291224886224,5,107.24361542587275,323.34342075604843
NOR2,1.1646140268159269,48.74752622128529,52.44126316356817,1.5382267963868301,2,56.67364683507492,149.29355595888129
INV,0.9025513472637832,48.80449403867597,64.31704345642642,0.6390212558104914,3,107.79732271305203,259.511655424574
OR2,1.1530555010662484,4.198561120756731,63.77643285297497,0.95405381561454,5,104.56402407094868,20.725870443515507
INV,0.860747850623941,41.27012681489222,53.6866874982794,0.28362310237212196,5,55.417073221316,346.56361020515277
INV,0.9382184931718958,32.66918674921168,51.857960433296654,0.658919387080835,5,48.83148125869254,163.06598575151096
OR2,0.8130144989079998,32.71976458428147,111.10629364797194,1.5892016573261152,5,112.27338172157953,253.7208859563706
XOR2,1.020238021087922,7.289146404120045,31.986192068466167,0.40498527437636056,3,87.24394447192033,68.74034584280676
INV,1.1894905575874044,32.85917115583701,92.76111820995942,1.3366599749186798,1,111.7482148403787,85.42219116411646
OR2,1.0017465480216892,49.14164644946114,42.28200514564523,1.8447606032724622,3,96.6520995730185,197.54609646183854
AND2,0.8789070420567744,45.6791099074329,59.45058933940632,1.398093108344514,3,75.06920551851265,228.79799317008738
NOR2,1.0239087229952641,22.517402379437677,31.154303413483685,1.6447207758693865,2,18.323069355432917,61.37762394669364
NOR2,0.7614603392326937,2.9574506910186225,51.997363685546205,0.3248666630913617,4,38.52027734659632,27.103073032851952
INV,1.1443295401326994,18.752381010010037,101.84210711172422,0.5913758328838623,4,116.41687681631502,101.60591037929967
XOR2,0.9515419753899181,41.49312526842721,113.50153245472586,1.801733042212311,2,41.733541352133514,198.21538264331548
XOR2,0.9246748710198209,35.373455971793135,47.152715190236705,1.4643985536020077,3,15.72431002531764,156.51660850842077
AND2,0.9929323942267596,23.507839124103864,71.35478392589218,1.322361193589345,2,86.36863593072178,97.93086693260418
INV,1.0123919313947012,3.6999752227827236,72.03240479372064,1.367881463908796,5,89.41048927252369,16.45487101857722
NOR2,0.7358879031132565,21.91784166334183,112.35753057597341,0.8986970420927296,2,37.82763783302234,153.8752629312401
XOR2,1.041308610611701,23.982222046176293,101.27990528758055,0.20376646744118804,2,39.23227762482493,291.40353205491743
INV,0.8209658401577647,46.49922111181266,76.30772183680499,1.5947500990929704,5,58.922693333510146,186.0931573082404
XOR2,1.0569763162532948,32.41321907552582,92.07472004717734,1.395980884084865,4,7.505729222659387,151.2240658653011
OR2,1.1112673971920983,16.270992916077795,109.73550539093668,1.0088723925319223,5,95.7721461915338,110.48085709773851
XOR2,1.10197925377626,26.74059495808535,25.953895402554494,1.8115480768923238,1,41.465210536524445,79.40339950219126
NOR2,0.9762504837039445,4.2367100832858435,65.28900310500487,0.7519801701719858,2,103.18275673022742,22.666038927082095
NAND2,0.9600849461553755,48.655843546837104,115.72431672770787,0.6733248791547235,2,97.30249848400388,335.3529264707784
AND2,0.7714379806697058,18.642935194605574,99.03130308439513,1.7608570911493524,4,81.06123380866006,118.76572183403317
AND2,1.0876730752015678,24.415500390743656,79.28413743340747,1.6183367909468926,3,42.3606097164182,80.59922554733008
NOR2,0.8357046902233571,18.40891473760921,77.96445270351334,1.0881620440188882,5,64.37640459103456,138.84631202697307
XOR2,0.9483477114089732,34.44307477569381,59.777009760443775,0.36578131018075793,3,56.15536462376529,358.4650338417131
INV,0.8421370464637583,33.44937575815006,77.05205336415145,0.5243343663542986,1,43.971416918597534,155.87868580999807
XOR2,0.7669141814998466,36.05079321592765,90.53831994634533,1.3537086219685563,5,102.5356732698655,353.9511185039455
NOR2,1.0147788484458682,14.13901825098412,66.8363038428793,0.8438775271399739,1,60.60331357643151,63.42771357634958
AND2,0.7271660174114518,16.467755577039235,96.4153146392174,1.6925696003320259,1,100.76315624667184,85.56369187336468
XOR2,1.0743226170631,7.137310323714189,111.12322272603859,1.9059154175445436,1,17.10012452630979,13.679215990394427
AND2,0.8587933976305583,33.119988620459516,40.46848481848612,1.6345974195168462,5,21.21785068903861,146.70801216513718
INV,0.7000673465022427,2.9500592394469747,70.15470228174244,0.8297853952316474,5,117.39183508799232,19.402823581472973
AND2,0.9555645696186148,30.286434440649494,65.8020091285081,1.6027304869550771,4,72.59337319970031,143.90296722718207
AND2,0.7234259542638015,43.61509835773006,93.74648040497281,0.7807103461248849,2,63.623512452390635,340.8617292395031
NAND2,0.8380847789104497,44.65077526619204,49.98674652579294,0.4341481649993917,3,65.16294726157284,359.81167428514476
NAND2,1.053488243727858,23.002850258128124,89.02509149522763,0.1827792251478119,3,29.75590901377888,222.6059731047867
OR2,0.7313448108109328,23.505880722440615,112.74892417314881,0.8451474199907176,1,87.6509541927269,190.42284655657522
NAND2,1.1196692461780011,4.771489967392851,66.81315997936227,1.8186914909508898,5,14.749771728921752,12.772769079604906
AND2,0.7019099613292915,33.86748624670875,116.101569997922,0.5692947849806718,5,70.93222700684767,441.78392262108525
NOR2,0.8234119346009511,41.24171159826943,124.31637389334784,0.5082447500679939,1,70.63841160737866,350.9050880196666
AND2,1.0704520280760357,12.98809767563094,35.609204994795206,1.9432630762531558,2,110.13166877535376,47.62286436546155
NOR2,0.8581350748646533,21.64374320003487,48.305318798485864,0.1670077321591132,3,65.51102316205893,304.7868241085909
NOR2,0.7509461940330067,42.10312750149825,120.03797514820931,1.597270442740258,4,20.762210037030645,248.05639019174356
NAND2,0.8801169594002138,43.97890291545211,120.83276864813868,0.7241755167928362,2,70.86662481353869,296.30471019443013
XOR2,0.8351966431922627,12.915819032947072,34.77072753867585,0.19047735891495954,5,15.502679102013222,202.84084628165965
INV,1.1213559510802775,27.977961092526847,26.499850037713667,1.8454687755940171,1,28.436291059490994,45.70600025062867
NAND2,0.8566739587925716,10.432164381155525,41.11000232564223,0.38252758079401716,3,8.577487181552856,64.73001552588032
NAND2,1.0944662358880035,5.99205944283827,124.60127833822483,1.1573450534043073,1,64.0287619828423,20.96760973510367
XOR2,1.1459360724053673,45.64490456820592,42.99996166106869,0.6352219099675498,5,14.721250758760823,289.40317388363906
INV,0.9169087097882647,41.204867707373346,75.25476067220231,0.24256246810721913,1,58.98035353110284,258.56240889152525
AND2,1.154971571927196,38.24171018835552,109.8417726430511,0.21385427304715268,3,112.28867906227657,465.9242769934133
OR2,0.8886590269815964,3.3895496218438805,27.040161068820634,0.3372465938123169,1,87.77256249722319,25.850068410648806
OR2,1.1820392082450542,42.34271084280262,85.44889822584595,0.2541699861120345,3,13.902342535908701,333.1543547590899
AND2,0.7446447622627864,22.464159719363803,52.702544886962436,1.549849257177455,1,30.784128404016965,89.93240373924138
NAND2,1.0435096332516214,17.777361041497123,111.23349164397315,1.0328644602928467,1,82.47117828774493,72.18590626784247
INV,0.9469070202284643,27.777341690243446,53.346114926407914,0.7646371317360817,3,107.89071401778112,123.57549472719604
NAND2,0.8938244027278235,5.476308893454235,93.67557202819089,0.9065335510481735,1,8.785637477854683,23.89688195503753
NOR2,1.0163559393743005,38.075680918267544,92.42196324473969,1.8664198628765316,2,98.43188014786831,159.2123650714919
NAND2,1.0519285458171654,29.5393187675265,47.149354885964,1.8322134079477166,4,69.6085962389055,102.36812033568896
NAND2,0.7021816348251545,10.142914746785209,28.47991998683501,1.4654717826304444,2,67.80050240908515,39.71913368479359
AND2,0.7834765443735994,10.223377788683234,65.92495737853973,1.7832028695527729,4,115.14851601663617,64.63999958486238
AND2,1.0565230253171594,10.028183927061036,53.91931519658697,0.7209382918647346,2,90.97913044862891,51.25581441696062
AND2,1.0331927067891031,3.793116990044765,105.89777496137086,0.8364855328955717,4,102.76366982645287,31.67219014722769
OR2,1.1830237525643386,29.802124019212556,105.03641884553453,1.2737789018859487,1,45.70949049763667,100.79046040696169
NOR2,1.0805188951253915,42.1770607018369,70.70239521926254,1.2924167809188565,3,68.75186469526713,187.36873683951578
AND2,1.175386353865669,1.8574124853820413,85.6512225323219,1.0255956954632008,3,75.77165290419363,6.859622283655373
INV,1.0512702507674034,3.401227603592404,85.42595159869252,0.8732367550633521,5,41.98215314168348,11.001830868386953
OR2,0.8490261043197216,29.065743557660344,107.71581484276234,1.9740189858243467,4,70.57853436895094,153.36129123134984
XOR2,0.7526824611254281,41.155288583916565,67.50024141231975,1.6637124171013218,5,32.21536864016709,277.06468277733114
INV,1.0909119316724678,17.010205637863045,52.54466797905091,0.937762772029525,5,21.48820217284755,55.22941142284299
INV,1.022074610737958,18.131105541578385,51.50349181405475,1.4873098572103887,4,48.00657981689325,50.26586637320159
AND2,0.7240930061966481,30.22097837734202,78.61922792822041,0.6267759833146238,3,90.01830730584025,297.892929399645
XOR2,0.8800252329504892,14.436431567083202,69.91482027322125,0.30831833332618014,4,110.36152202849708,236.69911757110538
XOR2,1.178399907742143,2.3038099378065224,69.01207709849362,0.7825703280391524,1,57.63711592229674,11.286239507828174
OR2,0.9502005728551006,37.026197386978204,34.11373390897072,0.877588864231981,5,78.92472415167464,251.25355658531714
XOR2,0.9163645680098522,31.656845734131203,96.86037406901956,0.1510897941740611,5,16.849270062136554,602.2526742727835
NOR2,0.928849802579647,29.457043953727297,46.37366879819107,1.6518089630754844,4,109.0133322335178,151.60240082231314
AND2,0.8044413620025819,37.342522320599336,44.695363020872136,0.7952835964916612,5,70.38948456054246,291.34556439869215
XOR2,0.8843535854323976,34.08631104053984,66.27583202773934,1.2111861516666764,3,94.73889847689306,237.0681271365525
OR2,0.8849066279935882,11.088217420737736,47.77783416178014,0.2590507920693972,5,96.3607381059603,154.14442349367636
NOR2,0.7261775100937362,18.271571300224206,83.38582673080154,0.44899403805109783,4,34.49526053233218,196.91701644183016
NAND2,1.083783814258959,7.179396942252625,62.14633393344715,1.7926242036158127,3,65.8550621159127,16.199117278568544
NAND2,0.9082522159519395,7.362993657476171,69.89117225927902,1.2643325524196654,3,115.4551714295124,40.92496630997478
NOR2,1.1110899434082115,34.133591571470426,78.71693216040289,1.9065340143205127,5,15.307972654395194,123.28469091236923
OR2,1.1251740005599475,43.07140524214241,45.353552248180485,1.9976500646556756,4,83.55073827339979,154.55729446624278
NOR2,0.805997027349329,48.173896609195815,40.57516228655298,0.8190970168262174,5,115.66036897404479,433.1678263783839
AND2,1.0286767410850644,31.789008759922776,113.04219028736048,0.6817497604765562,1,39.56636742621255,163.96528620652694
AND2,0.9361409020814908,10.020964844686892,68.3723702831421,1.7337093836991018,1,104.06651096150003,36.23351587333559
NAND2,1.1400783689607425,6.176866926997604,66.20936096325391,1.9973894828304137,3,112.37061772195123,21.660963785292644
XOR2,0.807870339588227,40.829697605301135,28.56121502728415,1.3037255203570197,5,90.91491408040488,319.2204251076341
OR2,1.038906600155022,29.359067341639964,74.79763025873932,1.6148645583216619,1,31.6027559153002,87.13512339909867
NAND2,1.0038760611263613,31.29596602967227,80.4169721611,1.5896822145727159,2,43.4100826650583,99.22373965783784
XOR2,0.8476507387859163,39.29164234898075,80.88408709546665,0.7880386514527482,1,9.118068858039035,227.29540374349816
XOR2,0.7683004518255863,35.46058415889013,95.70311693228844,1.199628314883324,5,100.61712193821585,365.14254427672887
AND2,1.0258198802386382,41.888454389948734,42.74818349910118,1.6861470495767215,5,102.70528644877419,197.08260514966847
INV,1.0692987290661653,3.754481367534045,50.222313423061884,1.4136540873707841,1,77.76168564611216,10.799348466619504
INV,0.8578136718816749,37.628511200578735,106.07304652304127,0.15978797028623193,5,45.5407028953429,464.80140929673223
NOR2,1.0224163020111567,42.691785108782675,119.7170616843394,0.753006657527363,5,13.833268178590862,287.1515155758611
AND2,0.8975654538057516,15.020617080457402,38.59327473673206,0.39161430959785803,2,91.60162514021458,122.03691915779656
XOR2,1.0566034416413088,32.38191642566939,74.76495545052182,0.5579877587067135,3,88.55051226514114,283.83987522401685
OR2,0.7996076374470265,16.393941128011633,46.417625273958684,1.8223202176836921,5,109.94928999997362,105.83110714394047
INV,1.1451075013180871,47.940582257640244,31.007316835498244,0.18935938315224413,4,89.01118241561664,350.6208063499554
XOR2,0.8437047982327899,2.637755049339684,57.550333812613545,0.5332253384884166,3,100.29991835806021,33.63541515526799
INV,0.8838929938780764,29.4098493478148,39.36876251842128,0.7019903822078751,3,90.78478105895995,138.74441280561237
INV,0.7290459760401748,9.15867380542624,95.99330734342463,1.2797420552968222,4,77.52902665591638,50.91101497283498
INV,0.7557561061606382,35.89879005368078,78.37254136714445,1.1241111773614272,1,54.10113533196606,122.25338554073171
OR2,0.957930951356164,9.618623887514442,39.38344709903109,0.5303466277643658,2,108.74349049386194,71.84187977194652
AND2,0.8337963383639857,12.533779833019521,25.924158840551435,0.42877320637953037,5,79.86138576935903,124.99949267274553
OR2,1.117740112871097,25.224169741242147,105.81570490242127,0.5651803050407034,1,50.81086202607954,136.82265765508185
NAND2,0.7073466943274769,45.82691254984702,42.619440616424754,1.0647556981991124,4,14.598968945925082,257.2604189718708
XOR2,0.889547024335968,11.37400423525057,85.6216642220766,0.6298142371370624,2,38.43105842900394,89.04340051713103
AND2,0.8686727733845463,8.067761034787072,58.692191307674555,1.9014927030225177,2,67.52857450546895,24.57612821419581
AND2,0.7096638154588004,38.1898647608475,83.54859383150355,0.9920666162862334,2,36.69806755186237,233.75902249435623
AND2,0.7621841995002551,25.530357084362617,56.565362698232406,0.23053651110391768,4,30.442065010558743,334.6785016342225
AND2,0.9068213374593176,45.6774705067068,33.693956069225415,1.4910208429728706,1,65.65025412010243,152.8115456536795
OR2,0.9464322922237233,8.184113300832273,47.295000855775356,0.7382291418329004,5,24.529339778009476,48.815351445745854
AND2,0.9021448736274345,32.65046675812893,43.80585664790756,1.3485591922695053,2,97.04715728238689,147.33096834823021
NOR2,0.9654688392060469,12.411078161438937,67.80193524396438,0.6456374165836761,2,60.70233740440567,76.99318336049454
XOR2,0.9975658374528407,8.681261003930326,90.82837834261574,1.1929982344586414,1,70.99421900570476,41.5409993605746
AND2,0.7049619105639178,34.48804134270625,51.380607494635754,1.5716467090380335,2,21.949075773695082,149.8193739459933
XOR2,0.9320475797267519,30.09054637552793,26.206993530061794,1.8646564345361614,2,42.32627859737725,111.6091544506311
NOR2,1.181749620443794,37.98654545975423,76.89373642647568,0.6109190315341848,4,52.16031357503258,230.17370829982286
NOR2,0.9595161400647743,16.163666245862935,85.5759489358972,0.7495310678780845,3,97.94447550939783,107.89319567347893
XOR2,1.0387711337294765,22.950611162727306,121.28704940018096,0.9928208701375665,1,93.56834515490755,142.5854383518081
INV,0.8559319289584415,20.868112140190505,83.94708030932469,1.863088694943659,1,30.642409600583356,46.568958936703616
NAND2,1.0869956890763812,49.220383734359196,72.11725593781418,1.8146072908040354,1,75.86059438480589,137.66245152355052
INV,1.0864607409380576,15.320198880230006,82.34016258977039,0.28897116658919947,4,32.99748114377972,90.09660410421023
INV,0.9606480238270694,15.446044678991576,117.7900629862027,0.3680280724171644,4,118.64842290437822,131.61551026157673
OR2,1.1880069116396068,18.37286223260176,107.83781456016463,1.0515572533815998,5,114.49424598505013,124.68132835134192
INV,0.7627751073813267,28.665109983225754,57.2978733363808,0.32044423287419616,4,69.77544285987136,253.91597289141282
AND2,0.7084738324447905,13.363814468923517,48.725436365713726,0.7696920418955512,1,85.37379576782644,85.01605172721894
OR2,1.085079105878548,45.84920707858442,51.263361236607366,0.398964511048858,5,97.16449395399418,449.4152365870901
OR2,1.1035777686824413,14.018592678446911,75.4421039715213,1.3157558676479453,3,87.91481830516395,70.27142561365488
NOR2,0.7601036145602881,44.89497084644954,99.40494512285778,1.905051411669624,2,85.4802994744784,237.9514348070593
INV,0.832791416479303,6.070278118682648,75.32192071829621,1.993859488153437,2,115.23371091419573,23.98384564658798
NOR2,0.7087761816833145,33.171572417582965,31.77963958281126,0.8254533290941998,5,73.59245222533758,291.72433603403243
XOR2,0.8466543053902823,45.44229040347394,97.3580700439981,1.246143757775471,3,78.1748072591914,343.4295929912257
NAND2,1.0865709369593357,9.268722481513247,105.59701286709539,1.7297831886252728,2,102.66590630039083,31.33680245894815
OR2,0.9589802638562894,48.448021044863495,53.949786511971965,0.34082869685720185,5,82.03744980371678,557.8412245926254
XOR2,0.874047796584144,23.191284660360072,91.41257392833504,1.416381092777694,4,89.28725153201509,171.98637245284695
XOR2,0.8858696474531651,47.340040313610196,67.65919010543934,0.8886260840431283,1,31.92939891261388,259.8267578173192
AND2,0.7006768128577341,34.1641821378723,113.91193557274428,0.5075547813267084,3,47.69569627323315,359.56045393253936
NAND2,0.8499002637826178,15.777756623804025,109.52255581607399,0.8771768032451909,2,21.939654756867697,73.55353227412252
XOR2,1.0232293708189653,10.226823720938214,77.54319983096423,0.26280533949404367,1,63.16302586850263,107.29920709549664
XOR2,1.1870972219081786,15.88301726502987,94.15055458135944,1.4273654393478947,5,57.408651078228324,79.0005607095714
NAND2,1.1235304134919497,5.557853053871074,113.33497010221039,0.5951562172470918,2,119.67372364213753,37.1432129328008
NAND2,0.7117974823227645,8.049530350823158,74.57170100782756,0.7054426126843706,1,75.28899507378739,49.574676978971
XOR2,1.1492803023374196,6.128361576977576,56.32507404888219,0.34763284069394995,4,95.44115466735869,62.16085489063593
NAND2,1.091599206649313,21.72423364333633,100.36661379095813,1.7455591341129963,3,43.41168713713024,74.37173588204466
XOR2,1.0901880617854902,39.98334043662174,47.006625478469175,1.0476752450515485,5,100.6277131044216,278.3640950132805
XOR2,0.9289978795017857,7.927794156600669,63.8531148006042,1.1956361302384324,2,75.73477114608359,45.106760373475225
AND2,0.8990026464772514,7.385701225444458,111.57272371067937,1.1905334442183266,4,85.15411813382042,53.69655560450931
INV,0.8514578644165962,32.52801852634921,97.4422340269315,0.8917270553377225,3,38.85953946418725,138.13893730818327
XOR2,0.7328474294771828,10.661966116435247,65.38110052474993,0.48195624102370216,3,68.09341504499137,136.64837755048154
NOR2,0.8141176817468495,5.782891867340589,46.47445024083574,1.5208495671769917,4,77.91425194256499,27.856973040887134
OR2,0.8233018174890123,9.175580332073304,60.59683908322365,0.3588657788724277,2,72.74588771890681,87.20539187934301
INV,0.9420385348551008,46.26283839796203,53.4104149227433,0.3152827257241637,3,110.24727681382515,334.2646495799937
INV,1.0737222032983469,41.25209138603335,42.60892879438539,1.4550726706814263,5,108.30135641664366,138.42376778893825
INV,0.9369049141989733,18.34916355539961,99.33329135656567,0.5126135984497295,1,116.66316665584012,95.483213708165
AND2,0.7289222247235803,33.13521759904225,50.20698868501715,0.6967327725433248,5,81.75422069080378,323.5129165186522
XOR2,1.1788949004941018,27.326508009733868,70.41674701677638,1.0134276379632716,3,116.77012496445373,174.59056975730977
AND2,1.171362159547056,34.17908891064563,63.585944683610904,0.9647804754515468,1,100.73497000366952,134.35470497283626
XOR2,1.0925947715742041,34.45088647067521,123.20773786356308,1.4521287551221984,4,36.145696139095314,178.17877613721691
AND2,1.1956639507821103,31.807966737939655,64.10922441482205,1.2920517716735185,1,54.15510199839916,86.02625660462736
AND2,0.9722411664001314,14.03896705832812,32.99824827967548,1.3314647850899075,1,32.41513085173612,50.662103805445014
OR2,1.181384175126603,2.911314617378088,33.9825752572084,1.4624221416322596,1,5.482673495514999,12.485028294899024
NOR2,0.7378025203083753,23.32277231751533,84.07537213530648,0.6701119275561148,3,26.62560661189449,182.96211638063926
AND2,0.8828403741306856,44.65772034984449,84.93635517382656,0.7259866261848904,2,5.4669674229907015,234.88512878812995
OR2,0.8126906340033828,28.90536566741022,66.8758990482655,0.9434357660436417,3,87.78142305530635,212.35684643161298
NAND2,0.797916542067135,41.78716104339349,68.18436923120296,0.698028885303029,2,53.93644423793795,264.455809069267
NOR2,0.770401474446338,49.58959280510018,30.39325828408712,1.9716831936652233,4,40.9460936139537,212.3475141878558
AND2,1.0112068207829983,9.017194002775536,76.65465103892622,1.6504176216722877,4,92.59790247594661,38.26562867969172
INV,1.0906609278736525,34.89710431795714,75.47394753803516,0.4295508139213356,4,100.73597908125917,215.36552889332953
NAND2,0.9891491997101802,34.040385111301205,39.954931855694454,0.1305170130579147,4,117.15944694473619,519.7317547678118
NAND2,0.7734813547941048,49.017816920555646,35.38393861109276,0.20043254430486357,4,78.83156223765273,690.7480499289538
OR2,1.1055618849667355,49.294435963687214,37.35724905994905,0.5788392879606995,5,58.07583023210595,334.15973632492137
NAND2,1.0179773535818641,34.647251974482344,35.10282464912585,0.3348676173732903,3,40.10539468485513,235.5296767539339
NOR2,0.8940828530634977,12.93712480712752,85.97081955367598,1.1226756559980355,2,30.566594059636024,61.256461119340685
AND2,1.0370651477680315,40.12923606839935,44.64826524029186,1.733031018727434,4,29.48648430549914,133.8869321097495
AND2,0.8299524896214163,6.2444275763408665,50.14301521874634,1.5050904153168674,5,52.05677809277686,31.755206434288894
INV,0.8725961042471052,39.254265904409806,42.35721441514397,0.525345038594518,5,119.05543085811193,273.63433062286765
OR2,1.158742921565995,45.59961008309013,120.7835304448503,0.8706826013284774,5,5.098175205301375,246.64036461294174
INV,0.8452522528357101,19.75883634365333,110.46174631518355,1.0748411139188019,3,27.67867818156509,81.68680737102814
NAND2,0.9349941340789683,31.901129454170942,48.04948373515209,1.6431869970662707,4,26.66519297641099,112.11565116518327
INV,1.1450705686980074,22.076993872744488,57.7566293922126,1.6975486138395897,5,87.46874083621361,68.80679515607322
NOR2,1.0538606751337638,22.450487694418293,45.98928423049971,1.8302704263866187,5,45.53574367377711,88.4028987613498
AND2,0.7311016130823513,16.208173566297884,74.18759594608237,1.0773810709454053,4,57.584992528059374,118.39278605499248
NAND2,0.7736515221394851,38.344351402065904,26.961053247425358,1.4252365232994222,3,22.09177500403907,149.556418751462
INV,0.7039207953859583,46.87265164415875,92.13680088967958,0.3301846979198018,5,51.574659470848985,481.16395764466773
OR2,1.0154608951145816,47.09679210248859,77.31581498176416,1.1827432447134862,2,16.867978369171144,188.93914523986138
NOR2,0.9238367127052092,9.564282958871758,114.86389283011033,0.587540601805734,1,66.29997810718706,68.78029191682252
NOR2,0.7671374254511377,43.86243883317174,41.439268432841416,0.9316277438500288,1,16.262912019028434,199.6396309295265
INV,1.178967060528385,37.134140629928986,105.41092460611317,1.3120149556166323,1,95.90846383491296,102.00310384093137
AND2,0.96482986197281,13.389032633824174,104.19610144667158,0.6031335631651085,3,70.15919751715629,103.04097128410454
INV,0.8209466470564446,4.296946033154213,37.71811892168869,0.21810790865791083,5,88.25630548395445,39.65676375586059
NAND2,0.9503017855773537,14.131866077334521,64.85592241441276,0.13923965004846411,1,53.12938446505864,145.53167573628824
INV,1.0398101663675539,45.698203602294754,42.01526411445169,0.1616599268237005,1,48.87149872285614,279.7941369460757
NOR2,0.7381196089867822,32.025755069892845,50.47205004575489,0.13569750652588697,4,16.294022240619313,545.6822744569458
INV,0.837351907523946,36.33167838399572,51.32461748305444,0.3274675063288059,5,65.24339480992461,306.5452615357176
AND2,1.1034827454419966,13.600465204345696,80.62363940257727,0.5702387833918442,5,64.16774895856558,100.04811508404757
OR2,0.9298324352013305,36.250019623166196,66.14109317604655,0.5358964466627224,4,58.83173511170462,307.64377894663346
XOR2,0.9732885710161474,2.377953807618264,119.77328040063054,1.9751775970582057,5,90.15961193848166,13.302193806045926
INV,0.9164080011047346,19.390745942877675,37.63701419470051,0.6952914777928132,2,100.73800600372077,78.92483722595315
AND2,0.7219499713215025,31.71091407857423,122.36921348501988,0.3595510727156703,3,91.34081261907843,451.9767129184947
AND2,0.7828748899100779,8.158731711524691,48.0638640214264,1.1456575830353848,4,21.54456042278704,45.237891365031885
OR2,0.9227708193709454,41.3271751478998,102.2873936381853,1.7329600161473155,1,76.53684356744243,176.10844607559278
NOR2,0.8045927327039639,12.516533641784013,58.89699261728214,1.3947535083608293,5,14.237157154296339,69.36432107750413
AND2,0.7249895143298393,32.96177452810387,39.30813954173139,0.6766343275746466,2,84.8815630556548,250.24960726616874
AND2,1.1218248320259119,20.854659986191155,110.788918524624,1.1758383804079353,2,48.91149610452957,88.30692111968705
AND2,1.1905962645820578,30.206136178404712,55.886089923646324,1.4639292314967691,3,20.23737997062296,99.71336760035727
AND2,1.0965714369983697,6.265077078816498,90.88554042268422,1.4888364456513554,2,104.1358485522547,22.38253894123241
NAND2,1.1268924608523334,1.8287271961587588,81.64436850866265,1.373092295959655,5,75.6109589894778,1.0
NAND2,0.8209885651585227,45.56865694163476,72.17563093908743,1.7571235985781617,5,45.793371313965665,221.2511510237312
NOR2,1.1803134877566,14.211870429591958,74.58194726485391,1.755798261686916,2,8.533625659807447,40.471276805082745
INV,0.7984628522267141,41.164173136242496,98.22379140922875,1.2084007316851662,5,66.79067978541521,202.56085547936857
AND2,1.1757149051809161,49.96816472313781,33.777291412344056,0.928129973929079,5,111.17097602591674,276.4853425078537
OR2,1.1974096469829756,11.360131641946646,91.81806619579052,1.3261521556623876,1,73.58368076077205,38.651421534887696
INV,1.0558614028730244,13.993366317984425,114.58121013985787,1.6582385625764706,4,116.73981953124171,52.37647543358158
OR2,1.1905718658959108,33.48012959409862,30.778819701986414,0.13062595710142727,5,20.69187860110273,378.9202371455819
INV,0.9847698897835517,48.30698309543044,39.06533392336667,1.9849543769479199,5,70.35508702840623,129.99410067962208
NOR2,0.8297708915880451,45.87490306134645,96.66319367020314,0.46384029197889454,3,96.78438052073939,497.95584533213423
AND2,0.9184979428328104,25.64090048321366,68.72816482446176,1.0040680930407553,4,65.43718407945737,156.26679282535648
AND2,0.996780467689393,39.96040384380951,65.35486208136884,1.7594159015045894,4,15.472630938559348,136.48475611617533
XOR2,0.7365407810135074,7.651546801895152,38.696663454423586,0.5430759502030947,4,72.03189017793004,91.73071073739136
OR2,1.011171632308623,48.8944710259966,75.67700407177881,1.0163750209327205,2,75.34985917188425,248.89407771805975
INV,1.190588918381147,48.25330846776334,37.654531119637724,0.36925449874061683,1,88.80156357466555,184.4181373278664
INV,0.7950538248918637,9.022718936079377,72.66204563105404,0.862743491729802,1,92.5393242440295,38.87898089422621
NAND2,1.0962975581441916,15.671733115352225,101.36152989616566,0.4530146550108447,3,93.63885914421982,119.53081143050312
XOR2,1.1539493968898096,5.907594877831579,50.82643578871635,0.8036201676897751,4,81.29610526848109,43.351765128169895
NAND2,1.1718507964101104,14.314162346010805,73.07861681797273,0.8221127275703174,4,29.818286438145687,68.02817101938768
NAND2,1.1800678022027236,40.98183368134512,124.20159693968357,1.9871610844448655,5,51.48711192154013,145.80955835298755
NAND2,0.9607298193607359,19.537464751097716,93.66504233540373,1.9902484950910917,2,94.25494685065584,73.55114180270549
OR2,1.1886539539957517,5.331451390191161,109.13567713051987,0.3357982038819513,2,114.64410309109353,40.046816798254824
OR2,1.0786551035672194,17.769050714166323,66.48476065605458,1.4848213051372927,3,14.07890095621153,64.3338055546978
NOR2,0.7808357181184808,49.087783377822724,101.78609231258552,0.21728150177791014,1,66.58671794667741,639.8202615400279
NOR2,0.938450053233985,31.854496167700944,29.050917294132184,0.1767609888339146,4,40.94006120229524,369.3287409818801
NAND2,1.059165587686002,21.39188637390173,37.2911182542245,0.3180277211805329,3,30.920297846435425,136.5439330704811
XOR2,0.8236701579095416,9.16038716136623,45.307059292006215,1.9351130351749157,2,63.16822860476723,39.0985397593284
INV,1.0203075917744435,49.32266306690104,65.19519246152196,1.888823470042031,2,74.70027416400173,112.89481479728228
OR2,1.0333002395233095,41.22160145389331,109.57448783257632,0.4845843021276792,2,6.123806613240344,252.49471474834598
XOR2,0.7813498719042828,14.792387820095051,59.62660507879305,0.4239439908409776,4,94.72375580313695,212.05131358298095
AND2,0.9825426562263782,4.433366090338283,90.46211935154629,0.5722059626499804,4,99.28644509483648,42.463527968943175
OR2,1.0858134554893037,3.7746523115003434,95.93142948034834,1.0892283488612673,4,116.0337448253123,23.16788845895915
OR2,0.9494478322679709,6.8985293257711575,83.61823540883414,1.1910447082265705,5,25.77402932083992,34.59917657262615
NOR2,0.7060515583880537,29.45766059710666,60.72419681701362,0.536595649226161,1,73.37354467150902,245.87008890724104
INV,0.704519234539646,46.509407639069124,82.70533417135442,1.542450841609097,2,54.06191794978537,168.26460294680302
INV,0.8785146719850061,25.340427972293238,59.22655927897462,0.7019599584769834,2,43.50520292886532,99.13186711797414
AND2,1.163097034215891,42.30432864035366,33.387373855201204,1.8536068919952913,5,70.04784691531303,143.90390614864546
AND2,0.8143383898018044,22.848444373130583,124.28039781860144,1.3546386881386534,2,94.97405572070828,141.17423952683316
OR2,1.0171818444358436,35.720593742623436,37.71824536325109,0.94034024529079,2,7.651070096199163,139.2208240498977
NAND2,0.8110379353466602,36.86176412703854,32.234838383605734,1.6050345632013492,4,116.48101294511147,188.16424858216595
NOR2,0.8608349948297742,9.524221589263593,112.85307492071558,1.6576794969677298,4,98.13638235615674,62.224122819593184
NOR2,1.124021044800742,18.69958688981478,55.18346608928951,0.666105418544814,1,91.38267591924152,95.63308531932033
OR2,1.0644307211349733,32.227805670363175,90.02969740735077,0.7586633424118385,2,92.4445489507579,195.1276795700486
XOR2,0.7476996386566053,4.464133801033943,57.90057296622329,1.8795956890097743,3,49.741981606145046,30.287174586739567
NAND2,0.9143510104932168,18.715469200384874,64.14542707944712,0.4297131521229512,2,91.43636334715357,143.3459537550254
OR2,0.7145848818226321,27.20517384777843,51.21129720167965,0.1992427838903163,2,49.47857398934013,376.765602142455
NAND2,0.9404450733015044,49.81500015918729,59.30440057930102,0.9736240065059524,1,108.35128540110121,225.88912386937602
NAND2,1.031217005850534,24.252144568499595,66.07004005865431,1.6262746124580223,3,25.38057408024401,78.5446676019264
NAND2,0.7592513117990758,40.98678109860185,97.04160690923429,1.570736039864202,2,38.61995378474242,184.9927196243493
OR2,0.8444424694545828,22.17129696826427,76.15361942347919,1.848717582356125,3,68.40381741039376,113.89624094898498
NOR2,0.8989183127510785,40.023145408365735,119.3565217156977,1.1224172490137956,4,41.709269127036336,254.10281778894674
NOR2,1.1597655123280248,30.175325279385312,29.188039383877552,0.3081215825450826,4,53.78728320895644,230.06356813083235
NAND2,1.196627507711482,44.44317663361752,75.30683226320282,1.2267352717517102,3,61.62860928083839,160.9150950593052
XOR2,0.7224556494978078,21.136185065155384,83.42247888317182,1.5833837549840377,2,103.48063511355349,155.50965684117654
INV,1.080503961747696,30.610916571252464,117.01969860742739,0.2954568661072736,3,65.16710916499967,203.9210503517534
OR2,0.8858620332011715,31.87091535032254,29.915852362142758,0.4445959140634687,3,46.68288259067445,244.34932115437968
INV,0.89622909311474,21.45176414822319,82.3499584935216,0.14310644297266129,4,33.48965886403831,217.13057383506103
XOR2,1.0771324866735112,8.071290140686594,110.3629928527957,1.2360668493600036,3,51.997737561102674,42.09449302280512
OR2,1.1592132160727042,5.584410938704442,49.19277281192366,1.7870606568583003,5,64.30965200765255,21.614184714303356
NAND2,1.175464297251274,1.816905979382022,112.62923485239375,1.380847034083947,5,90.80320857837218,1.0
NOR2,0.9885612930191603,43.803178948015514,26.904340927429182,1.9662353646710462,4,18.920609259818946,134.5459490976535
INV,0.8785605796502514,12.587270699696033,98.24546291337298,0.2385032666995517,2,30.48505664750235,93.28942814626457
AND2,1.0937745429293897,11.363830714806634,118.3113221168653,1.8176420400848128,2,48.66021182489742,43.50845397510048
AND2,0.82550069163115,37.06573462087721,90.71976616400622,1.6504483802869596,4,46.44581658874418,189.5423656299502
XOR2,0.9820370144167588,16.680789541282195,68.9029243980448,0.7107740585390693,2,50.05103007459935,107.6860087054921
NAND2,0.8792892307624365,25.79618992817999,29.488101647271804,1.9502299174540332,1,96.25494543363733,77.37461755249377
INV,1.028315536853938,8.963042199575359,117.01138133226287,0.6613229665622602,5,42.27775634064991,43.81677179902834
NAND2,0.8201994564467534,48.027540351636496,72.02962226915747,1.7918928807970507,1,62.71829074630644,174.5013113612789
INV,0.7957964728674128,42.72748860084463,27.8996744335948,1.775807324899476,1,76.7493087786581,113.60321118164934
XOR2,1.1591195433377184,43.32569152528516,93.9821071328762,1.544396319213588,1,31.700533271114587,141.68117056526629
XOR2,0.7509018414747684,20.931913680028256,73.18372535762582,1.1793244907681615,4,87.64996952196697,187.02739726830723
AND2,0.9529789538674658,38.35569947165147,37.43453174424107,0.34560516927974955,1,67.91780176990231,256.54112854505223
NAND2,0.8104263914815044,8.049931614099227,46.42718093102596,1.1201068608534166,3,56.379833748608476,40.34032789127416
OR2,0.7194649816628337,1.4223311269972336,31.449068045584628,0.7907769606312769,2,98.1251630749061,8.963636517455143
AND2,0.7180094091457132,1.9786736963233782,82.42935397085735,1.6093680223320612,4,33.00195480629593,12.570993083075011
NAND2,0.7876108860529136,29.743485132823462,87.20294792520093,1.5452829082140682,3,106.56523662064717,172.56637820931678
AND2,1.1333851772530001,23.3143503571491,75.57422983554444,1.8319515138604978,3,69.52060456717093,81.61901174637123
OR2,0.8412393719885133,26.382752096517468,106.71021330026149,0.1478807053716108,5,75.0551111286607,582.8036430572379
NOR2,1.1752295852876478,1.3656938804437508,111.10088213080135,1.6411140476273265,5,105.63178087942842,6.911593502150528
NOR2,0.9908111464945968,21.71164436321386,86.56243966831266,1.8843086598743772,3,99.02200910267364,90.16650038536069
NOR2,0.918307094884383,36.18533989884218,26.275647970743055,1.6038848443233222,5,74.17963791451854,181.91058281523553
NOR2,0.9900444173347273,22.691991396404358,94.52296557477356,0.3647655845562894,2,91.61658594254003,208.41091544258305
INV,0.9583491926131338,36.87874110929889,66.79992169203516,0.27280471710086895,2,54.831741376783135,220.1904959737662
NOR2,1.0793881268786625,12.417929255444903,81.55574832263869,0.1591890508384775,5,67.94844165247082,183.1239176072321
OR2,0.841248032986426,40.843958219604545,89.90806020188845,1.3020410245567735,1,12.13806572147878,167.3917892522963
XOR2,0.8765251958001512,29.83313078221916,60.02366143270768,1.3037845854965882,3,15.333660570005385,156.98165953850813
XOR2,1.1470471512666254,11.327391872065405,116.70985051717942,1.975397782730239,2,100.38392148142819,55.64953864342576
INV,1.1732282565752028,12.599303316837814,38.39748667497812,0.8683211673157,5,11.862240403487116,36.414508310739926
NOR2,1.1462791137432373,31.773492763907313,92.15118072810374,0.7439838156072939,5,24.480899447749838,181.79306425735336
NOR2,0.9097239969786568,41.66704006740972,25.435957995658043,1.2939188631066578,2,96.52075577930077,189.83942222815975
NOR2,1.0901827515034408,21.365761319428604,117.46511054051808,1.6721443043142765,2,5.131784322249473,68.77866497148374
AND2,0.9381678666505493,13.656721027252019,36.25041332380915,1.8811350251032435,1,37.47649781727439,37.35527473671466
NAND2,0.9487699260730511,43.48356873861942,34.488423014757466,1.6298734324165924,5,72.16444565006151,188.22532257057892
AND2,0.8023400545286419,33.79414629579091,58.30076330522442,0.9221470835577129,5,73.47674211896911,258.2347090147419
NAND2,0.9955651516292582,22.956188876870748,62.35662860390806,1.3136387623866805,4,94.37258444638947,110.73988509383273
NOR2,0.7930679488766739,24.90710956868579,46.43000723228786,1.7298427342262999,1,63.1815192665996,88.14177342781826
NOR2,0.8657823495335968,11.008566928883424,83.51216609271248,1.0423462140260702,2,63.58121499606159,67.04142653230524
AND2,1.1275151008099675,31.713328873177353,69.29140980419636,0.5273708901661383,2,88.41071618718055,190.25801496779195
AND2,0.8035379046054276,18.578383016601542,28.41755890410874,0.43908006672600114,3,62.341813275622606,161.90753981330886
NAND2,0.7355791425867164,49.78661365704311,56.96520622553006,0.12029655980674664,2,74.97647495481594,835.0311180870021
XOR2,0.734503796306408,24.528992247832505,106.04329135731705,1.4702874305648144,5,108.24401784933087,255.5432193286406
NAND2,1.170392260251554,24.808394703291047,93.97015348618686,0.3288627526304621,2,51.16686587542277,162.15000231448118
AND2,0.9534602189809173,28.726737583122922,97.48708535798805,0.578417507428368,5,49.28938315571055,238.7102031412971
OR2,0.9047060359085091,45.92104415281859,94.81169240835236,0.6800075032628515,5,5.408134064448701,341.42554698249273
AND2,1.1054392905039592,40.24008689312777,56.09730213830333,1.1735141370571245,1,75.54402007494167,144.95192234368136
OR2,1.1179129639552579,23.10537342009423,34.966392207677586,0.8681596813160462,2,8.423769351820178,88.85844491788124
INV,0.8660955165578023,36.216264032667006,52.2467184033096,1.3883871050035441,1,62.977076318756374,99.85857550699318
AND2,1.0468090287368976,29.72553944025732,108.17853001851593,0.2246006795379611,5,97.48688573870606,429.7344115669373
INV,1.0855614079259432,25.125985386361197,123.04707977830711,0.35300568521714615,2,68.24092310976125,137.61947491774558
XOR2,1.0273253434329772,10.423472866433176,74.38470147415613,1.0585176266425413,2,36.00815899991774,56.598546700558884
NAND2,0.7757975374000496,23.732876909289654,25.970035492304223,0.75349380115204,1,95.40936846667769,128.91621233834442
OR2,1.1379415417585284,13.045110764106157,39.004481213422906,0.6761291219725563,1,36.01745546949197,54.398932755304784
NAND2,0.9695472763680043,45.82726534273108,57.20805753162658,0.2460127885905427,5,89.29865480877835,551.9808964424619
INV,0.8412362131850017,17.434933861321,82.85853485929498,1.8039520485262426,5,75.17972234687659,73.11340250129034
OR2,0.9126140927188469,47.66093671213524,32.5093645805314,1.4206189419150954,2,24.54957412602014,172.26291054260867
NAND2,0.7187855451994536,27.11970921464085,119.33572987098816,0.3486421348209408,2,109.09039560708136,354.7046269233867
AND2,0.7639334006112087,31.945674555131855,61.50836732844007,0.24228640054582434,4,28.074023540077505,413.2419877317408
NOR2,1.0827733752579305,27.60408177997706,116.25842179248231,1.9527603628507368,4,118.80251352617702,140.28127105072642
INV,0.7000058173776831,7.339650231368344,103.05218027570217,1.400604394826269,3,5.840706195318189,29.61115144446065
NAND2,0.908282914241146,19.415239731389107,100.54372725155811,0.9048174136562339,5,35.30058837143385,119.57453094010137
INV,0.9612550905427941,5.858159501603573,85.6719579782232,1.4392543566208755,3,27.983934186532867,11.757797238104695
INV,0.7273172100004861,31.524748164985706,87.67838170518446,1.541903758582699,3,6.609242169603203,103.16318247063114
OR2,1.1865390814861665,22.896835564821508,88.80032352162482,1.5863289404909051,1,89.2223085169413,71.40120886379052
OR2,0.8130626656248359,39.1212636069759,87.87213870255822,1.0184093346277483,1,84.74396724145357,235.83000783605303
NOR2,0.8520993598181403,11.803053568969123,80.37282313983613,0.9281795852747142,4,96.120360900817,95.96011625523988
AND2,0.8519712561275137,9.06373686303741,123.6414018482889,0.14073279842553263,3,34.520332843425,152.38973850510956
INV,0.8152083310586749,20.91027931722462,98.22905674256961,1.8619273764666553,4,56.09854421454154,73.41686058497534
NAND2,0.7007369110431556,46.40268377770067,102.69463883925212,1.254218811371213,5,80.79805498647796,386.8406294215454
XOR2,1.0646723970439982,35.81066893560818,112.24628150836742,0.50192940191714,2,55.573377947136514,299.2555157286596
INV,1.1834227498996426,21.527257614853013,46.56397627258492,1.8488544285123008,1,85.19246358656031,38.380603860247376
INV,0.8121467416425225,26.346336317961217,33.38041590950608,1.8400719753281571,5,77.90694197065085,97.17510382495557
NOR2,1.031523595901711,5.126437547677819,73.28944365985987,1.9796662290082603,5,18.184497347550295,16.422195159343794
AND2,1.0709481634793576,49.24421892242954,76.40806956192732,1.76322633870128,1,94.81995892385133,162.16698269619584
XOR2,1.1242126895452622,33.65395793005103,107.91817799499177,1.9958346491017216,1,87.8777812956396,128.33096522412964
OR2,0.9113145985068045,14.984799354707702,69.37835792823357,0.5800100336717524,3,80.4209545760016,117.84516705861131
OR2,0.8514654528202146,29.704611316546973,82.08530255443127,1.70342922017456,4,22.83576472116527,143.21323662076415
NAND2,0.8626475670115155,6.364635937380704,77.70709385134583,1.6672932205360371,5,35.81959161146682,29.391228764470696
XOR2,1.0563106665492563,48.325996771571596,28.820278375739107,0.5541678753349795,3,50.21535863257405,329.19622910950534
OR2,1.1083897332528179,9.56446440628493,86.5214896596914,0.30506259212186265,3,37.19190649049099,80.56064686046238
NAND2,0.7908069838783013,32.753485584705494,107.80432857742522,1.9613105657138872,5,31.19818342775512,157.86980038267177
AND2,0.8854705040788826,13.027268664407591,40.75005480758038,0.6765261568587474,5,97.6161320686042,115.1230230819087
NAND2,1.150970098374575,36.160507749778255,84.43317339265958,1.7572765660794754,2,78.39670833142327,111.52818426749499
OR2,1.1033467598473696,39.064246994773775,84.36105444464144,0.1277590507882553,4,70.02929512827879,615.7588716315456
NOR2,1.1924292013812379,33.9975667166602,41.41849640563587,0.15952663757285213,5,30.984561748124193,358.4319833387699
NOR2,1.0771241298410403,31.110473552504434,37.3463573730736,0.9958380603491725,1,110.57880466089375,136.52677033024187
NOR2,0.8965976005139611,44.73098560364857,123.00519429764847,0.5687836057979194,2,26.98604949619137,321.19593888906087
OR2,0.9953189169973189,4.852708838498144,64.37191696530375,1.4169016128596128,4,96.41935727483786,26.20999928981274
NOR2,1.03050712712366,17.214823523229565,47.74217287235293,1.183260932067754,1,116.1673566711087,67.52359513618941
XOR2,0.739227908158562,13.166086501911453,42.132454445437496,0.2656732992069239,1,88.61566386078715,185.20278447419878
AND2,0.9722484795519325,49.41268414120566,91.7601713583235,0.42574119707354807,4,119.17875914623242,531.8389053715264
NAND2,1.0546604142363047,20.080099203676802,85.94452973272789,0.8495326277098187,2,79.87087845246387,94.45857640740208
NAND2,0.7836606520005301,36.89802226277954,89.35521229874175,0.4689356402362143,1,30.007939514447923,249.8595767533281
OR2,1.0903158587127786,34.551533030169225,33.80060275114523,1.6093780128185857,3,28.439241777398802,109.85253992022082
NOR2,0.9918863902570558,11.391980636391509,114.35345834984369,0.9022120428401664,4,42.32489268937978,70.9685401320796
NOR2,1.1761108928487973,12.710886330366014,63.92663968090483,0.2956519096638986,4,5.819952325415697,77.2173756611927
INV,0.7212111491034459,14.782943614098672,56.336940643035796,1.0305646562715947,5,83.39532405952598,85.83729456066418
AND2,0.8326630687777334,21.145236634709583,71.23614472477392,0.29077578039545865,2,35.89679523220017,202.16639252794778
XOR2,1.000776939649912,12.481928216875813,64.00660657476283,0.36240213418925626,3,98.74607171366657,138.68935379334988
NAND2,0.8482799561029652,1.9629226545955425,111.35770031391459,0.5704664842130259,3,46.304854814319526,21.351492948133966
INV,1.057212082035621,44.090259783552575,117.92609751978921,1.7359120858652808,5,60.194996748280964,148.14307600045578
INV,1.0795026412609654,48.31488173766332,55.34532164496062,1.858271560785987,1,116.05422540444246,107.61469315301487
OR2,0.7512579820332372,17.73694896454683,111.39358074599548,1.6733645311442897,1,32.849794150436864,77.19314621586821
NAND2,0.9569272321033838,17.58683709184817,103.15231295330672,0.7480651687455527,3,87.94422120442005,118.29864657784077
OR2,0.9544452777955279,1.3474988259441782,118.08076723447618,0.6321993092846034,2,91.83854577012298,12.16481019016906
XOR2,0.8846403851077704,34.33228372818833,49.575031218588784,1.1524126986856496,1,30.414788115218045,157.66934888024292
INV,1.166462431284836,41.44655489168281,82.69591501209791,1.477083941802251,4,62.614636210402494,117.81349108259144
INV,1.1137531599366106,8.183806717640156,52.454458474044465,1.9875408417411287,5,45.27322141099136,17.74632831696382
AND2,1.0486046909548183,8.823651118990385,107.40944904843742,0.36735293833238125,2,93.76921799101025,75.97364976676342
XOR2,1.0571633178674986,39.71407924860045,25.532419057106427,0.21266895816475231,1,76.5855816883393,384.11407803393746
INV,0.9308580719065596,31.19824666935309,81.48191628863961,1.4253890713111095,3,59.73805130896291,97.76449015543658
XOR2,1.160497260548288,3.198167323758134,58.9203431271918,1.6845844729873423,5,94.6267754804876,16.11756672234533
NAND2,1.0472977136266426,31.5048025326518,57.268370707782026,1.7111357061488754,1,32.04289055096796,76.70054517818777
NOR2,1.0644905308279082,16.136968419344537,89.4906323864917,1.395511472265062,3,91.66651626720129,75.93414291082203
INV,1.1308454518936726,19.06753261807145,110.1484449313994,1.9135497117440716,1,104.5180458906748,47.444375381941505
AND2,0.8370357946710955,38.71683949654713,85.91953913933263,1.0806889554638233,5,106.04148363287084,318.9952086646804
NAND2,1.1035354519333516,40.73582444095792,110.31729786467224,1.8379718208720794,4,95.12246319725443,164.65590640858602
XOR2,0.7976203014782459,20.6174747151517,51.459711188103,1.9394868175440632,4,51.92162920480091,121.93729953753682
OR2,0.8726709761224438,47.410493864311384,76.9501854764981,1.7126560191658424,3,117.9079226125501,270.63493179441866
NAND2,0.8678052271349213,20.91667317965154,70.05365390670761,0.7023460989262067,4,48.653269039580586,136.6920868356145
INV,1.1892627341945703,38.819965726275385,26.164489950309623,0.48888542420015507,5,78.44192089677895,175.93583638219064
XOR2,1.1282686118739633,24.709985963648695,80.68121431407401,1.1504657221658185,3,23.523530477988896,116.0171216136099
NOR2,1.0505849307951298,44.979083999582116,91.1524324146175,0.9716677307147542,1,117.75162334318516,224.9271093702109
NAND2,1.063528380807695,45.480300938858754,84.191440441907,1.770185683322338,2,85.95838101443627,152.91223498707686
INV,0.9810363972012854,5.283423585683109,98.62798987834215,0.308059541606249,1,91.63841770333237,34.73875877908923
AND2,1.1735453335542596,46.88817323420106,82.13395284530772,0.604551315265655,5,12.56432089228163,261.0255735226919
OR2,0.9481293764411807,41.451207234500366,31.675025485075693,1.533382015695172,3,92.79304863537726,181.44639349923978
XOR2,0.8902588549349473,39.77422500132067,36.64455240847114,0.29857489255734676,1,94.09319436036915,423.4343817718462
NAND2,0.7815176684657954,10.844655644590599,84.64745775439523,0.7230370983607963,3,82.25386353165644,93.33451081658396
NAND2,1.093102826130529,40.45084122897858,52.49791919736402,0.8478521408214883,4,38.56960558588952,177.74403666943195
NOR2,1.0672219660377957,42.6565039995668,32.96451290347658,1.2904763375378572,2,61.314354848501374,147.44661058851162
NOR2,0.8921775192620673,15.168366388253396,67.96027434485468,0.4172893739524054,5,17.699952700502394,136.6367126313141
AND2,0.7125967069796146,47.66074383975386,80.43225980836553,1.7379364418574539,1,59.23251264280255,220.22916449724096
OR2,1.1194986638590052,3.443147173559048,57.87459883496066,0.9613794026765955,2,33.03974304904656,6.888303315736896
AND2,0.7057089917270367,8.345553409109844,97.04337022257779,1.8440008183354462,5,45.14615344681943,55.293250918061595
INV,1.0518498898145254,27.3414757645242,89.37706081012446,0.9995954376317914,5,23.69904696642534,95.92328429476264
INV,1.1851285548630286,29.213831084993174,58.281836109167195,0.6370756868085787,4,31.456252290893158,100.33542872226639
AND2,0.9188306640741017,32.612354081744265,100.48725289085606,0.3866381979328288,3,13.805393809313369,258.18269369732127
OR2,0.8174867024979764,1.8314873364578563,89.86950425330355,0.12704077805721545,3,110.78865714024596,40.12223389455947
AND2,1.0524355050216907,48.05797195648438,88.74453787179021,1.1204560717714909,2,65.99722911717139,206.29523940223325
OR2,1.1085640710077924,3.1848165439730556,80.3427700787068,0.321454590222616,4,50.625326695215065,27.168309709206603
OR2,0.9732151580389237,8.010035683446716,26.13896680885528,0.856448195626615,5,66.52835946841014,40.57548924034859
XOR2,1.1835176376280732,1.6867113587767921,94.65071834768891,1.2278309111257228,4,77.25372127537855,2.824515827411103
OR2,0.7258343608289806,28.77606323141064,62.604179110915645,0.6382894861770765,4,111.01606123747514,330.6224189339512
NOR2,0.9523977991522641,46.68107731212764,119.26097101586556,0.44942166964829666,2,25.549689512926033,351.14286349236244
OR2,1.059226973661275,33.63141113794275,106.79847710772053,1.576476650505562,3,38.98853734305003,151.05417121565628
OR2,1.1313202355745895,41.31021595554094,83.76944695313122,1.8999674038894465,4,117.21577367957319,192.7005843385475
OR2,0.789627805953895,1.650778969470424,50.218198181926944,0.30882798558049607,4,47.687193464580304,17.837269724307834
INV,1.1000017408818406,27.55874962550658,45.37173932776666,0.41250980984381475,4,7.594589837092678,105.68225718017315
NOR2,0.9763535378592726,23.51858589777057,59.03848376775491,1.924823795635111,1,21.979001653273265,65.11154751949947
NOR2,0.8982768409949815,25.44942926681886,72.65679435800185,0.191034337007023,4,8.028950701083483,299.75307085471326
AND2,0.7658575142895467,4.538446081424209,54.60655100389471,1.9579487927148878,4,118.84116137838377,23.05072882866501
XOR2,1.132647879454456,34.53733269239606,76.49294953924827,0.12873162819977887,5,37.07014763399065,587.5943998393968
OR2,0.7786366040898576,25.657800328073087,41.53704255131859,1.7624970726245028,1,111.20741704766598,118.7985888105893
NAND2,0.8548939296045496,38.49229364320193,122.77128128254999,0.6977713402569691,4,119.52692171236731,366.8645995405327
XOR2,0.8450227659812184,24.779241069024053,35.792455496499386,1.8845470533733173,4,73.98174043145814,130.21265875354592
XOR2,1.135707017095427,8.319700175095171,118.1944139654372,0.7158571426349006,2,8.817576232539603,46.92947379188178
NOR2,1.036351497104449,32.76459074981328,116.35780114026949,1.3500958844840252,2,14.3830374944966,124.08355541976618
XOR2,1.098340698595686,9.446931743153145,77.5360481819498,0.2704612311599609,1,60.38274133740594,92.27026274209182
OR2,0.8252339493962495,43.74733360438593,97.49102718360844,0.5755800455330293,5,51.70978148482089,448.3364930677784
OR2,1.0124370498034994,31.042695714392835,68.60482979725879,1.5745171713809913,1,74.71039016490327,112.61982100259077
INV,0.9858729915718742,8.702990294290759,88.00345775424383,1.113929404916181,1,55.46749811680685,28.164465915799713
OR2,1.1164151883941356,48.15456481657913,59.05759374211187,1.864581836159644,2,112.4188376662207,172.92829815142088
OR2,1.1530435302406303,26.39990770343071,55.115901978544535,0.926052647681746,2,66.49506727255377,107.23386338466419
NOR2,0.7060783857386934,4.572024141711095,82.82297861695137,1.7552472477301753,5,84.77849706818085,29.479540509889905
OR2,1.0370099595293962,31.714812316338293,74.81296741839803,0.9640362224590865,4,108.0958063538871,211.90949077478365
INV,0.7259178995598645,13.406746443627702,82.95363691499811,1.9609867639597323,5,21.89026572081885,46.54301990405013
NAND2,0.9744293325386779,40.38097914198782,53.666058128702296,1.9244886370298881,4,31.419485223630783,132.55042474330483
NOR2,0.8438163645218391,41.07328160474334,61.695783181699525,0.738777006445431,3,17.341645954511733,251.9720019457557
NAND2,0.8533882997610706,48.96842043687843,33.38979606289093,1.78553650038359,2,21.058415911439912,142.22674655644005
NOR2,0.8764792517261782,25.591607020200684,30.227637227220573,1.7135093835254205,3,63.94715619743681,109.34852900774293
AND2,1.010646224524805,23.29288710665912,50.34571296730162,0.5160791469758181,3,41.935614781258366,142.6308368777503
XOR2,0.8670249828343846,37.92030466687755,32.424685933054576,1.293665953472547,2,53.66487654557681,193.18624489491998
AND2,1.06634952529514,7.491062160754401,35.37747086347407,0.25664275330885195,3,117.98633065631711,74.23919502864983
OR2,0.9022636927869347,27.798860175863087,106.29284053939371,1.6930161546969078,1,23.020999996534034,101.971611570574
NAND2,0.7341766001549792,27.766132406411696,28.88736970166893,0.44814626098657345,4,67.1933881417787,262.9459360719322
OR2,1.0918799212420536,5.384183017708974,90.89427939347428,0.2531316386052373,5,16.37018283116986,58.3992618131532
XOR2,0.842879162296353,21.481220189838766,52.25577488154005,0.872411899612965,2,41.62707602534604,138.34452268734543
NOR2,0.9163834397996313,42.810955129792895,112.15456807081264,1.2046136205673297,1,65.66548122257883,191.69742322587513
XOR2,1.0427219416109508,42.95152747773835,73.49922845774995,1.7272438820923695,5,113.86265078601384,273.27026668398236
INV,0.8662280785743559,5.862645581064369,55.55764593278257,1.9515759479808645,5,49.99124544760055,10.396575597938554
XOR2,0.7282928280733578,5.445323254643712,76.76389356894346,0.9462459236313436,5,12.46427006468703,45.9008617600886
INV,0.8869605235064068,13.87207837309483,63.19580190452688,0.233640215212308,3,49.638566515436445,96.24989969055734
XOR2,1.1722242913471517,43.86353706514568,81.43010646698302,1.5283372885686368,3,21.760235225507436,176.31989544702756
INV,1.020867198649279,7.316226668601448,36.453286832634824,1.1825257217010023,3,31.44880552851621,20.456111865752977
NAND2,1.0357395743336033,36.27984332874487,124.69905028125511,0.9620357283075907,3,76.0804216639739,198.67868471133517
OR2,1.01614107681882,5.9571153610420575,67.55558776967176,0.7014254921293166,1,12.753744613423393,31.59968365194307
OR2,0.7994960694797184,31.533754833643442,59.82306397073687,1.064509232345847,3,58.4432319687543,199.78711445515947
AND2,0.90916693205114,18.447297656838096,96.02098483162649,0.7567176563792182,2,75.0880823912379,119.57560388000135
OR2,1.0754698991816591,39.65678418532748,61.389940649533244,1.5431823113650374,5,53.51371512226214,180.01192626294565
NOR2,0.7506864487765795,12.450831992442817,108.32743050287577,1.1425201494061652,1,7.199530321728991,58.81430593417674
XOR2,0.8389263880448561,32.320889640108035,70.42707243604252,1.7684738154097304,3,118.33472604382952,208.75504795426184
AND2,0.8381595542329268,12.548444194218362,96.95584132654349,1.141862559540951,5,47.21831324416156,88.41789789963926
NOR2,0.9160094637972529,35.96935387249554,35.74532164418866,0.5679333370790685,1,94.5363764973257,223.8666890012442
NOR2,1.1901843704710924,43.810223693476686,109.61191855551118,1.7200527385964315,5,42.449346601557124,170.8018489638117
INV,0.7337512733419109,7.213288157211242,98.57179867781099,1.1675718044684824,1,59.62692705424317,29.759278221123886
OR2,0.9593504971902975,43.46318874117967,46.171677846196566,0.5088611517098951,4,49.673318900264604,334.48334643575777
NAND2,0.7896823410061051,30.0851874663006,39.528600974578666,1.2921946827176976,1,44.39201139360488,118.89132330734876
NAND2,1.185338272704872,7.228414052484174,56.62923487256244,0.7925075180917638,3,7.512908378894555,26.60542022072959
AND2,0.756651752363732,21.949550912625888,122.60705860319044,1.7074825511090836,5,46.4024078532679,137.37513602453475
NAND2,0.9018005011807956,8.882154380769796,50.683157456705864,0.9722035086555004,5,107.29134889594596,52.62183287352838
XOR2,1.068942492417303,35.3170465544619,70.61272089466333,1.4857097532419434,5,84.39523393827362,218.7287558732989
NAND2,1.0522772140137227,38.18453858647953,28.002022571733633,0.29960807035612586,2,21.723628795975582,218.8189603910706
AND2,0.9113643184469661,6.184029493367149,64.72275295662325,0.8645257710484108,2,72.982825531615,30.68653516855469
NAND2,0.8732620839763591,25.800852782037573,82.13200154331027,1.9684939005681095,3,107.60654889412022,113.73160777942705
XOR2,0.8988061892764352,40.91662774526994,120.3124612507965,1.6399053442170388,4,85.50391471095837,299.3702437013844
INV,0.8321381315793196,46.87198903599883,76.67360449400644,0.4206887084498258,2,22.098705121020124,245.56056688391584
AND2,0.8026664693533998,26.16237547034673,106.91073261776877,0.6421964130172395,1,104.80073712446712,214.5902241668198
INV,0.941519848779445,47.563681956958945,79.71276425689005,0.7400537206499588,3,39.67756152821952,194.89308800080164
INV,0.8342668780338036,27.24875955234546,29.07850134355181,1.3426872537314378,4,57.2187565959193,90.0601628433339
INV,0.843730832448625,20.31533423539549,56.5008275189774,1.5431501478405523,1,65.50641736425183,61.12115636564795
NOR2,1.0283780317372786,42.561953299091876,82.55495078311033,1.5291100245588702,5,102.80825950349245,237.71546104120603
OR2,1.1842686658499462,25.156152812446365,120.05939659311244,1.0785632258560371,2,112.13486194198101,134.94947938567677
NOR2,1.0018186002796874,24.12322301766163,110.91303597512334,1.6443426111357242,1,111.91008094591395,107.72794969382146
OR2,0.7384897335324832,25.025311981081586,47.83556141788476,0.941706795584053,4,5.914730847032174,157.7410179933246
INV,0.7377918069270335,42.492465091617525,47.01098300191635,0.35289546275565636,3,111.01717584232757,360.9104389481976
AND2,1.175711610422783,41.76513554271455,45.117296711390075,1.181150662309169,1,11.254501090180819,103.16220139477474
OR2,0.8486453951536668,20.77247962957035,117.24988963025031,1.9103266030500805,3,35.563970534005065,100.7074833407642
XOR2,0.7460334930412377,17.331693133655726,110.26661531017207,1.6108280646179212,5,64.22360329370079,151.91130029308127
XOR2,0.9995222935751907,25.104473177917335,102.48834322529487,1.2079572176614157,4,60.19145423550531,172.77563675316694
NAND2,1.011824389145133,29.065852977118343,64.27351142242276,1.3359946414563022,4,74.54162629705007,134.2589886387609
OR2,1.024252410059344,12.67852332077185,75.43807042987667,1.8694566108268764,2,60.13631630475567,40.9219737890189
AND2,0.8337010139287706,39.90379915106394,71.43317447951529,0.9252844535377257,4,112.45320315864839,323.2560161374614
NOR2,0.7075553421072375,24.83765552088872,50.339810755937265,0.7430209812121582,1,32.663117544677505,145.7190519059742
INV,1.182507684727236,17.36823187257802,75.5028046148767,1.957214142200844,1,36.512839814425874,30.310674256981834
NAND2,0.8254465228455512,6.23422865523554,28.049654785275447,1.7432730909994267,1,110.88486260470145,32.364620457930556
XOR2,1.0380131440262736,12.703412859776739,38.181037349745914,0.7273219390829725,5,13.825044080704465,82.85887769846161
NOR2,1.0533149349393547,47.5147774160432,113.65895961689463,0.9919075230385348,4,75.09949451905314,290.84791827075605
NOR2,1.0050037085397427,15.949884654156802,100.16797670314233,0.9003468825346622,4,83.39963448754524,107.92850079245927
INV,0.8564536971068241,9.27410517898473,67.2868409059087,0.40029987590229577,1,63.13729819442004,57.3995664991721
OR2,0.8355481268820328,23.572966791094668,76.71503622838772,1.920700328768927,2,84.83666606466078,108.13194061706626
XOR2,0.9988341413513515,16.047299424652184,61.999888595997746,0.8801073706931465,2,24.866784291376206,89.35137834544908
AND2,1.1330478168058458,2.7228032632885135,99.07798671606724,1.7656186753592669,4,103.05270676872709,8.231516404630893
NOR2,1.1733668644616977,16.834115646691444,103.41871792320796,0.4759897080396503,4,21.10295428903684,109.88735979911888
INV,0.7529529022018788,27.66132257303396,101.32851902031591,1.1499971239979732,3,51.093431096311214,123.26703024439296
AND2,0.7774143062988599,28.033906228978378,97.26117248344495,0.16504740403362725,4,13.654624150443667,447.78844706584096
OR2,1.1723681293915398,18.471387137667545,45.450433869279586,1.55673450962354,1,67.69927406400102,51.99758329748989
XOR2,1.0682676141673961,22.91783505637743,58.79699792404788,1.2121181287030032,5,82.0207678539485,140.2168451796191
OR2,1.1414969124148864,48.31037799350355,71.98454349836749,1.296108416923135,4,113.2404880359584,263.9959339267786
NOR2,0.8013163170676716,19.49007538428527,58.079299142765564,0.2172352592027485,4,90.0236625280401,312.67725316297066
AND2,0.9937929355547008,13.653113849739166,100.4940200158329,0.5167520607921969,1,67.22683539222737,89.56360104950477
AND2,1.0505697972087367,12.929885159271246,57.935352424995465,0.25974204002473067,3,112.25095697458838,130.0524463952517
AND2,1.0400559427234863,23.430466022502575,38.82320867853372,0.6631589137111661,4,60.0202363747008,139.04224378040354
NOR2,0.9040758454333491,38.216487287130256,64.90404520483041,1.2995853344424437,2,69.53865010636999,177.74827628085907
NOR2,0.7076974458456542,11.093421025235187,122.99144327823804,1.1844296505166654,2,73.551330682061,76.89147310684993
OR2,0.9914630284021315,35.75551022989764,47.58814129335759,1.2708416646331737,2,52.14766847695519,145.4958621071947
NAND2,0.8265507695898043,2.0363413441213982,86.2158658943229,1.1525923901904414,5,101.42550941506978,8.01966751277773
OR2,0.9251271230714451,21.527715921213353,68.29730498397063,0.6332941358706156,5,26.2952329671818,159.10703682945672
XOR2,1.1787905075419087,39.01738819493656,32.10245676493266,0.5796740950075194,4,68.80685189273491,276.3544517326558
INV,0.8995176588212173,17.59791483294714,73.78766059980595,0.37767220504877275,4,88.05682446152731,128.55861548042606
AND2,1.1199008033322133,28.623117970824573,95.21643286483125,1.716253244818565,4,108.95725976580638,129.02617992295077
NAND2,0.7942703028746255,11.04398240846963,76.32199758278188,1.2789811940575395,5,106.65061558994202,79.05507327428705
INV,1.0362302490125144,37.35777416518244,112.21060637465811,0.4706407035076323,4,63.505133284466325,220.0008660320971
NAND2,1.1885034772194718,3.5616760601692214,53.893701665758265,0.4531536340639303,1,78.9635668837843,20.088236914901238
OR2,0.7509465504364683,42.77458959889952,33.62491713039649,1.761306930869137,3,50.337339654869616,201.41255615342928
NOR2,0.704159971113596,10.711622934661738,118.65656116580061,1.5163340238750402,2,58.840442731223035,59.422716819089416
AND2,0.9167913963163071,43.845503553708205,62.8196349528219,1.3596702702220982,2,109.22056614590069,209.4315477823536
OR2,0.7463127415256836,18.27393282372535,82.64055514536334,0.8849045221738836,1,112.03095921713451,134.78071137335593
INV,1.0741921748381156,36.411495149249845,104.20031261301959,0.6125140608436129,4,107.97261667770726,202.61332889794724
INV,1.1572743319242793,16.642039591523236,57.43136638755806,1.9613674346521086,5,20.912649108568395,35.61168719799583
INV,0.9170104863543793,45.38967189049773,96.61645381776111,1.6188104010428643,4,102.75966245302317,178.88132595505348
INV,0.8293558210777204,7.205219150400343,38.5418849817828,0.6873449394961998,4,114.06182906747023,32.83237747732061
INV,0.9172016595033048,9.747469674357337,54.12937472055053,1.71342181700357,2,46.54371487596454,27.473665242544346
NAND2,1.0617239089250003,25.158476132781313,39.47106361365199,1.5467920633956012,2,64.64432328349196,75.027778712288
OR2,0.7045270807901854,5.01498351286916,106.12305584013578,0.6785114337706369,5,94.59595441849453,61.63153147221464
AND2,0.9947269947423485,10.603029050386334,47.26492352267854,0.9219193659742826,2,69.6389858200496,52.81450625406982
NOR2,1.0066458424436895,47.244552728388705,96.74035554052102,0.4695924773351301,4,119.25060499621868,482.79813750075743
NOR2,1.0188441234479677,48.84799339624647,119.32983972456526,0.3287785954308456,1,57.40703699303526,392.59882134565777
OR2,0.8210110399904386,19.436707137190677,77.7772209068877,1.4787926217386298,5,87.10341178884843,144.25426827515705
OR2,1.0570263616890634,46.24101502968285,79.00291922606877,0.6229222918252693,1,96.14798112260259,279.24740061112726
NOR2,0.7456957431658882,27.696409107998154,71.1033568097812,1.6617116076029568,4,61.82154781222054,160.5202921765039
NOR2,0.7996351682334004,14.217380827814585,57.589014339364276,1.9917443776471209,5,103.55313765680822,84.92676033214093
NAND2,1.1387350233272409,35.41753733294934,72.56550309249171,0.2640452501877395,1,67.8077779888276,238.57014835433415
XOR2,1.069361575363283,33.286188522168004,85.28075322667594,1.0093060351573564,5,52.339841632187614,229.51505433308333
AND2,0.7068727770056726,49.46714063632793,123.59915721706594,1.6278776115043097,4,17.399722492973908,295.6031336171036
INV,0.8241881301849001,13.987317083054881,118.77645593182243,1.603227685497519,5,50.24256128029878,58.609204303060885
XOR2,0.8072032414965822,33.930915630425034,111.21529582931218,1.5487946576622207,4,89.40269229432768,278.1774895744282
OR2,0.8354031640184862,3.549163996442898,113.91305357048583,0.7761104783675925,5,110.94793734321233,38.739597471717374
NOR2,0.8237798851399432,6.568655896139251,71.78491832920429,0.9732441206878982,5,33.943131443935684,41.940587687351844
XOR2,0.7312631478714229,1.19200037260357,90.74443271774648,1.238540511801964,2,45.8520844930078,3.9130698372995614
AND2,0.9294702582984101,49.97357337192398,114.50667229362142,1.9510082971177234,4,22.705514322009012,211.021076363801
OR2,1.0663667373930825,40.31141116022641,64.2950764991353,0.7357888693643666,3,84.43313283633141,252.65550084312085
INV,1.0033658623587183,39.549427721943495,121.17624783454688,1.8555105089076924,5,115.42166945114141,161.1086362044666
INV,1.0364358342990398,25.976577689120806,66.5786062069183,0.626391006179329,1,78.70950528254018,94.42768893344137
AND2,0.7405745892681195,15.703287062366556,85.10826653932156,1.9794599950905645,2,75.96380095071602,75.96837511084726
AND2,1.1757453550883936,8.411949938671121,95.9804713272372,1.3800957312358724,2,68.6513420075499,29.75893548243469
NOR2,1.1192459169215123,14.94906220347672,120.05920130759384,0.9914015830740757,5,15.1724101788367,83.62482572125398
INV,1.1025451592478313,19.422589874527816,49.46162740522661,1.2731740047595772,3,88.89294003937911,54.23104829401044
OR2,1.1114919025208838,38.05919475203441,99.61309782386422,0.6323585977955888,2,74.23569750817535,232.51570392583523
XOR2,1.1663552540663806,27.443427656254467,77.08155861440822,0.6354468521215572,4,81.06982841847301,218.80758541434395
OR2,0.9721269830568489,4.796697701218652,51.85571406206411,0.3334825424257684,5,108.36327569815349,58.47169384018533
NAND2,0.8001410089338129,1.8834214389866997,102.66068397963906,0.33441455968614964,5,95.15549051201705,27.939588431479127
NAND2,1.0083918039262705,6.014276797169094,80.22222801738465,0.7736228739615533,3,94.80525399777049,38.87272966255547
AND2,1.0714407468339695,21.11443697117159,91.09738206496758,1.5541682984451786,4,111.62613342112498,103.52282809197153
NOR2,1.0689586966770126,46.726452935401895,57.2901068577901,1.2629857950845453,4,118.84251941824495,250.6511844637151
NAND2,0.96072451208344,32.23272157925186,73.1273951827605,0.3128589734223191,3,71.84751417552185,290.8036538607564
INV,0.734229359666789,40.28946909390024,86.7354250988067,1.7222046669547124,1,17.52138584358406,112.05766974323217
OR2,0.8855564692150639,23.852355130722877,65.4910814269844,1.2505711387413248,4,57.79993939417518,137.38055633430275
OR2,1.1603833042316787,18.721638076557095,44.83725398477013,1.9264084843553857,1,95.5741318430891,53.82376633985145
AND2,0.9922244548787129,6.3116182631145135,121.1640492315304,1.3799486787330701,1,8.188412347612656,16.438022027777105
XOR2,0.9691659716278567,43.920718087124044,76.14675400426174,0.4493287437638603,5,11.542055410957143,425.8359469346079
AND2,0.8344267571910967,39.37484142236724,98.39203702877005,1.0107127211387057,5,12.723144974024454,253.05037663095032
XOR2,0.8842244599582894,9.23778678228853,66.10471935560581,1.3391754833887437,2,89.06911220775574,51.9180200424665
AND2,1.1476730445765846,26.100767629936765,60.51317640257163,0.17313763797395806,5,62.63416228476479,323.52911613736086
AND2,1.0332315237634178,24.881365588140998,65.7164298467125,0.14803129661103884,4,47.42326350486826,324.114629325528
AND2,1.0936935133761665,31.6294860816399,65.91966437856497,0.36327764112530764,4,17.145960205099637,219.87470655432034
XOR2,0.9271727115338275,47.3631578055718,79.41801159419536,0.593129137885485,1,89.20762877367724,379.88796846282406
XOR2,1.015123609728079,29.408800646361502,79.34698699813632,0.92755235221887,4,41.91727821335346,194.41500079482256
AND2,0.8241918043716037,27.47064607215231,74.71538158828717,1.0363880906684022,5,35.51226805743673,185.60750732146474
NAND2,1.0527304151417431,3.4658237137985335,38.47857849174381,0.37949190480324596,5,80.01670817865836,32.27085073842147
NOR2,0.9138006668516686,4.082466324883173,74.60754785005311,1.3859761687377619,5,69.2862526486368,25.86919314297301
NOR2,0.9212727574073727,10.179992775012655,41.910390042065146,1.2407395559894854,3,46.67722380852969,52.28845915798993
NOR2,1.0246611622884407,2.5910678128956657,37.613578629576516,0.6735925058213812,4,78.77105914264263,12.650959931351416
XOR2,1.1681403107344632,37.4242918829306,118.26457173411677,0.14568058085834898,2,36.19047484417359,497.16346440682713
XOR2,0.7320031733043104,36.44318489570419,85.49500131477042,0.26597808086418656,4,96.40548008449758,759.9986340299985
NAND2,1.1123716186735038,7.666755487150504,90.94900581245842,0.8563861779603781,4,31.3716792853802,35.18894659201291
NOR2,0.8461915552060966,41.967866138968766,65.17936703333638,0.4094717801914857,3,23.266334968931798,347.68341202915394
NOR2,0.9219597272531889,8.584515707459486,115.89808919148642,0.8284208595581851,4,94.98053209237061,75.48577620571031
AND2,0.7109566643875045,15.75760376287058,88.79304895796655,1.3009832964794676,1,86.40758353026231,94.46329370608224
XOR2,0.8505230389171565,13.199868058906885,101.91698695235874,1.148806364413053,5,26.00348220570682,96.30383112398724
NOR2,0.9513156213150652,19.24304783007934,61.85624690277138,0.5546106602983011,5,18.368261559342866,147.1520717017904
OR2,0.7280880386737194,13.478524528608132,121.00118808191255,0.7663862835664546,3,101.4158951759696,149.84111109447883
NAND2,0.9455478646915825,24.95859539548415,107.0461290158315,1.274378653083463,5,94.30882545261912,154.8966412432218
OR2,1.1635553144292137,20.962986186379585,110.39484630145436,1.7384074527216835,1,42.63459797546139,59.61938893118537
OR2,0.7526966090539026,49.341905048187,42.21942674257543,1.536041264829089,3,80.69270194453718,283.62986335406197
NAND2,1.0822203640377521,3.7403911562830574,52.096320787121954,1.16039205044682,2,19.27842145299824,13.245392149975748
OR2,0.9048355266879963,7.966887442980229,53.56265996835771,0.8011108368349941,5,63.310480790482984,62.615485715175154
NOR2,1.027586857262169,3.588468801521522,52.090922324687114,0.8062964017785942,4,7.153983586948286,19.56793593427886
XOR2,0.8301182989926146,31.666218554136414,110.5408162104288,1.7733045432970644,1,50.03421630597888,161.62826872484428
NAND2,0.779746131270679,3.6709545932722594,28.18847952085921,0.19377792295622723,1,13.606924469211584,34.40858256497593
AND2,0.7802313071356132,41.985547131430046,32.60999889807743,1.9774073715100904,5,59.64192571804149,200.31182760323202
OR2,0.7352459728215723,26.084992903414463,52.39148706299037,1.369025772400937,2,53.493389388082846,135.44140837955413
NAND2,0.7928233524506214,26.823373604495153,44.98729746494436,1.400538874256094,4,56.10427806337644,134.86103315902238
INV,1.0321096924944841,28.518130877897516,48.18596138828484,0.19143593413291524,2,10.213099735519318,166.07638480769063
INV,1.140845305921754,9.369871609004326,104.79431892533,1.2583950367955916,2,46.58587924741072,23.428353315961242
XOR2,1.1070628427955809,10.68682485260989,81.31265938920468,1.0313827529700403,5,91.9956426464904,80.2483681749645
NOR2,1.042567154937242,16.62204882077723,25.5770661292968,0.3188643449608459,4,47.42515293566631,138.03800556639902
XOR2,0.7552159317055513,30.081324375270718,67.93227657041953,0.642493380246395,5,87.24477455010178,390.5862760371744
XOR2,0.8445937231479749,11.295771021070511,65.78849268503589,1.7937911776816642,5,47.49005321787932,72.32746049139793
XOR2,0.8549034376612344,6.7002546295298,36.394526944454356,1.1539782218279915,1,53.67253577137144,33.314334712260624
XOR2,0.8249784731988106,48.53572743450318,92.61417886014571,0.8972231613269483,5,69.8475929753656,500.5017293919359
AND2,0.9575028298548616,2.0771089256715225,95.20971883794911,0.2566424529807246,3,114.32842273281449,23.037930174607673
AND2,0.9677769074398362,40.33217286146506,97.08932190520977,1.4625484715163344,4,17.518951364365346,182.5031648545758
NAND2,0.8784429875855551,39.613722329176085,97.8470945558592,1.4413595479845411,1,8.785083396034974,127.69657149066646
INV,0.8768945793682179,15.563491578409703,25.00528269322968,1.2744019811084195,4,74.91507613815519,56.52075629905554
XOR2,1.1142777989530406,7.645704184358356,120.39208038467221,1.0792937748948204,1,114.14616522676903,44.92025736383039
NAND2,1.0946464241598428,8.135803688565748,106.4208767054663,0.9355146761498606,3,118.8181602437922,42.30094323136651
INV,0.8538979158403728,35.174149244622434,115.39816965892852,1.2353496548174254,5,60.67888845008021,171.9490795193561
OR2,1.1568942219366296,32.49752296322251,26.564329530743414,0.5587834492494046,1,58.82938642478632,144.67948983886214
NOR2,1.1764075085012529,39.35453803831795,118.38587957857393,1.8895670406539775,1,79.17083363569756,126.14879111315904
AND2,0.8633712710150203,46.936577447556125,105.97885286881046,1.2269337148588315,1,68.89799707857152,224.2486456019633
OR2,0.8772124743965274,34.90444080006301,108.72191429586987,0.7050417953862279,3,77.92012662562358,294.05072202835186
INV,0.9528170767109794,8.63672529102073,34.328738472196854,0.9653981196640956,4,105.50993393685783,34.749089652985326
OR2,1.1705604062668367,12.928688221505123,98.87780289185977,1.6346874030885574,3,90.82520949107507,56.79320077283511
NOR2,1.1381597165711557,42.26749281278261,120.9916689642091,0.42383819417295915,1,62.14090004398149,278.6292465599869
INV,0.7512839812917949,11.25599771587622,92.85473414181607,0.6705309702252895,1,58.1144127850195,54.008100873292875
OR2,0.8963653716357081,4.553593530769589,82.05614046246065,1.3974750827447242,5,78.55420107900834,28.04643368429101
AND2,0.9766855948748858,35.46072264807027,119.5629677748997,0.7131197081865809,3,57.40622270833421,242.15222354783285
AND2,0.95156623627577,20.72379141901696,69.2937121734436,1.6099031618995558,3,57.64462539554858,85.72912868775819
NAND2,0.7969315339684463,46.08196257474928,84.92935663104787,0.36525255589343836,2,6.875178705448054,349.9997874961807
OR2,1.1294083855840773,32.86249848358941,72.63382934943662,1.5538500004546638,4,25.01737580184047,129.0598499467555
XOR2,1.0384703914984186,5.430529911791377,118.28462213602991,0.2485012239190645,2,61.1790685995116,69.34773556815844
OR2,1.1189541874259017,47.444971795429375,32.608472676550726,0.14367411181489018,2,99.60514779079244,561.2422872054606
INV,1.129382139674736,13.669305918372048,75.11197008253482,1.8086602154044646,4,37.053605773619275,31.38912412058858
INV,1.0741779268328697,17.523412029908002,93.69524413854383,1.2129177278327214,5,65.10399481008214,64.65655074105787
OR2,0.9196053006248586,20.71076027049356,104.1906538422237,0.7814345665232055,5,44.670639747311704,163.8757930796662
NOR2,1.0052733775077123,3.509990523811349,83.30186474441363,0.5572779174920387,4,17.052458797052736,24.664543130571893
AND2,0.7801827030598716,25.32925568929964,115.8917744121454,1.2797452725303342,4,115.20432555319957,204.798344597699
INV,1.0368227087374537,7.04260606268932,119.19914468838716,1.0769241050490677,3,103.2874950787847,27.169360107817702
AND2,0.7896266278696403,20.647546007729236,31.431922319358353,1.9842038179963721,3,14.026628813694236,63.330579368486916
INV,1.0469747952550783,18.184779611612132,65.23705395413744,1.968446054909042,3,87.77553518385272,51.75182651977545
NAND2,0.8147990803769842,38.86916408789866,27.345902172115444,1.3138461843462261,3,44.97168900111252,161.89011824344868
XOR2,0.7587756500751099,40.355355070003824,57.94166573744429,0.9525965514790741,1,119.40772781210615,326.9632973057069
INV,0.7826422450714787,8.517231237065312,78.68682179706022,1.0433450219731646,1,39.77582978033244,28.52105600888671
AND2,0.700996067609535,18.961008181582084,116.07949305099488,1.4030606445253004,5,32.45492121669899,139.75714125641318
NAND2,1.0593698089267651,19.294304890559754,109.65543224654029,0.31096014316251697,1,70.3074130551216,143.1097291199412
INV,1.0662005245291895,8.419111752868167,37.74997266719857,0.7373018987641501,1,101.03950878446847,28.686753435725095
NOR2,0.9574666749566296,40.12422174750834,34.30303747408957,0.26151181308677524,3,27.13967025927677,338.8527146313653
XOR2,0.7806814005276919,35.65418808843574,83.9267338756667,0.25791822789180874,3,86.58131851772309,632.5346907538174
INV,0.7417771687553448,10.328707528554702,78.21179724587827,0.4881777747611594,4,12.061757061228993,63.06875673153401
NAND2,0.7095644832186434,18.969373521096152,51.637764143002386,1.0322761186352665,3,110.67749545770718,139.1830486011212
NOR2,0.7828740884826103,6.184446217969197,114.94530845538353,1.5953757237860438,4,14.32361535693936,27.71148494048257
OR2,1.1454277674915734,31.782123257559153,117.73664094615535,1.0327322753918404,4,110.1366082795787,204.57686837012733
NAND2,0.8207684208508408,6.947224302882364,65.26114383401627,0.7506960278544351,1,61.442833687060826,38.61011900735189
NAND2,0.8771356636086078,49.310774262620974,114.03025571135203,0.27482362183310527,3,56.53047797153078,549.9434115726622
NOR2,0.7526727422406665,39.25342165970525,63.39488942629726,1.1545555835842836,1,116.9303141425433,242.06233609600582
NAND2,0.8111806523740851,20.121688929615758,98.68168318297002,0.6299849425883722,3,118.8941804352952,186.91921652143253
NOR2,0.9596122853901026,29.349632681688366,72.59422175477242,1.2760762544842372,1,79.77048448551638,130.73183631410865
INV,1.0038763415478262,45.65574899460403,37.2583156507183,1.9571129495689463,1,19.618718563560577,75.44254396561067
NOR2,0.8226761570831055,28.15086473939548,117.79342012370215,0.32927092437779426,1,63.209559850348285,287.0864301324759
NOR2,0.7288660796125586,9.550425833499803,70.40965933775367,0.5187957495972471,5,65.85375660990118,111.24350679944689
XOR2,0.8955164345636992,19.556464423476807,98.44870403224036,1.0094177316268245,1,64.16133923556062,125.77604434578996
NOR2,0.817101685463167,42.31409838645752,61.71738144312921,1.9409939728503474,2,70.49156142980112,170.99596098696523
NOR2,0.8097769616149009,32.566437783491274,26.888087857623468,1.5710023793875916,2,7.153342086354927,113.3605711759634
OR2,1.1799314013567277,32.885494832356216,35.05303586918359,1.8086708831461205,2,86.79113736910777,95.03587245132806
INV,1.008150242962862,43.47425279873597,74.62194794899244,0.7473839151344907,4,86.92534472459363,210.18329118954142
XOR2,0.9784392215860479,44.80467981566273,93.99643571263624,1.9850323307037576,1,18.27902414545711,151.03432134708024
OR2,0.9078875517616609,46.06983601719238,58.473532657927905,0.3133256942006159,2,70.57753588126708,444.65691251952387
AND2,0.9144721667150721,5.647610469404649,94.54884591776504,0.21958906336666956,4,70.36153598011408,78.99679157241088
INV,0.9704525019190404,27.662174096191944,94.8635589431956,1.7285329388615727,2,83.48179832189602,72.53288229107709
INV,1.0482149035180535,37.28496653969761,95.39359073278308,1.863257955989134,3,14.820734595534324,84.40385645555952
AND2,1.0510730480909147,38.089415411223676,74.25218540205084,0.29030047218667127,5,77.04788033560108,418.8413325998157
NOR2,0.7858469538527247,30.729093896530188,116.4886150121504,0.333243562282182,1,37.28647433582923,303.2038101720987
OR2,0.9500563760383134,9.172579424000034,73.91965179806157,0.18236741658085476,5,63.30534390705977,141.0336071372636
NAND2,0.9059790475170509,40.07360714314155,70.02651934966381,0.3164742177683213,5,93.93220856096882,478.3397912504549
XOR2,1.135263483134692,36.28545534223234,44.9380819010627,0.5137092555845281,3,86.14928268174653,280.1723983921445
NAND2,1.015709460609188,5.220652805902779,55.76550873563365,1.9437440435508018,3,18.67384703296924,11.891998098581148
AND2,0.9662520332079909,23.72668140904444,29.233449251830336,1.3755772178105992,3,72.98625051834843,102.75083744575281
INV,0.7576973210894586,9.524892576568375,88.35352936161702,1.5836796879748591,4,116.44840105818494,46.554343743024475
INV,1.0028189446617057,17.536375239935623,49.85357439270929,1.5791420789400614,2,23.02848529352526,34.763571283760754
XOR2,0.7586019528401167,1.8859735180785862,55.41552544854651,1.1259386495849235,1,103.08431508842271,14.29856037754164
INV,0.868603287782876,20.616163552127155,102.08145216643211,1.6192792781004721,3,85.79302926368435,69.68872780531218
INV,0.7714209824071658,27.943969136654314,57.72211831614539,1.2401181608931429,1,94.01038098462236,108.90260952018025
XOR2,1.0460368235121844,31.359547048527254,49.21958920131422,0.7113466634943123,1,37.425207621404226,154.72844128283694
OR2,0.8031260569180763,33.51102691130679,41.90577491337058,1.1748870044845934,1,38.107226878681885,147.86311533380038
OR2,0.895929686594013,41.97827434202054,102.48584021819559,1.1229961419328853,3,109.19223741429613,297.31770516659657
XOR2,1.1478373888093893,11.557682456510772,37.97062579900269,1.6680917410675227,3,46.38068369064425,47.032679538265626
AND2,0.8021581916994851,6.90360929948493,70.37537602503535,1.9656471686775188,2,12.246769929673205,24.388444415324148
INV,0.9539025319793895,42.725321422998356,75.69301160771944,0.8927600229913494,3,74.06862091163676,170.74924900106194
INV,0.909635830583011,8.674027929739845,93.73899126857145,1.555174475469756,3,19.354031939811907,16.894841790830647
AND2,0.7090620205228648,48.76324398547357,88.32834823329955,0.30755444759169104,1,96.60856776190944,590.9422332981501
OR2,1.0963790567864065,42.28437324053321,106.07206729451748,1.5804429745627824,2,78.8008408876216,172.58617094268388
NOR2,0.7345229531572999,25.54295368859036,29.475143392623814,0.8182637945472764,5,105.59354810043894,244.87273851636064
NOR2,0.9371275104884768,49.089649821179236,54.64407247793972,0.19405350623261092,3,95.25628372500306,649.9639042239164
NOR2,0.9803391474694749,5.771459726292206,53.013411877537976,0.8029028156968931,3,17.893069558892556,35.42258851410527
OR2,1.0142132283072935,15.85022229757998,39.60169055921082,1.2680083717326922,5,48.82312778995856,81.64478271646634
OR2,1.0443158146539377,32.27299633698996,53.91782538564431,0.3441903152411571,1,94.07442874017754,240.79703114845597
AND2,0.8266361917613575,18.15033655518576,55.97653141429034,1.8571848457688784,2,52.994269425627465,64.72960657692464
INV,0.7049893883292246,46.4902550470588,77.18844619274783,0.26602413695293653,1,116.8220307496975,433.47855535948275
AND2,1.0617218311774559,4.215678320713061,91.3704478926256,1.8684126332863524,4,89.61015173774666,19.474897580398316
AND2,0.9678282996737892,27.921179770987262,63.110051361181405,1.4494185337190906,3,6.782490419386918,97.12990367180753
OR2,1.1180588516036243,29.952447102360612,96.94702313133811,0.7398588897787027,4,106.19835452949619,222.41145263125233
NOR2,1.110694181450347,32.98367806508398,58.616533857958,0.8546106536930952,3,16.592550259884124,136.45255780176512
NAND2,1.1216630838939414,13.527644943258908,54.02836773147604,1.512721605697559,4,21.160228280709873,42.29402999140747
INV,0.94254732998977,18.863754948473357,79.11880558570243,1.2507656696566698,5,89.46662607027086,84.69259943124598
OR2,0.8668141979184327,42.340345953583906,27.37163603057906,1.3826886923352968,3,104.47138433450523,224.5633631058715
NOR2,1.095779101295685,10.552195679537832,32.978912363400035,0.8516294790453424,3,66.68020720844893,47.04870875922289
NAND2,0.9256470565146274,41.51652451149474,66.7969543586527,1.037089345798286,4,38.24071928876461,209.48847042177178
NAND2,0.7917210982017172,28.570115722234377,119.29127113917565,1.9809508699912395,2,45.40128770411519,116.22277967634817
OR2,1.127487009780737,38.34718804851003,97.15117798434237,0.5221749965394692,4,44.43227290354644,280.6409282482172
XOR2,1.1412799383861736,35.96676094691011,33.812656950055775,0.905569630661607,3,42.56798193809391,174.8881876804699
INV,0.933154878070085,11.16806327385907,109.63180127808737,0.6686275926390585,3,32.934612259489725,55.18546354049387
NAND2,0.7378498636548937,28.87182408525977,98.2300770608181,1.5584096396269176,2,75.0197158823618,154.69875806164927
OR2,0.8939130449584656,43.518434487449525,86.09465257026531,1.5563437362515549,1,108.54661163498272,211.7320579667932
OR2,1.1017688297313017,22.173695603294536,107.02929606091773,0.6697974666751042,2,40.31447750458423,120.89846110202213
NOR2,1.1508870142731142,48.36294774094252,65.41098477429571,0.27301379527000785,1,26.46984420806239,299.3111424681487
XOR2,0.8017363712487979,23.158539904984185,47.15010508538528,0.1414934321437436,3,101.43643163271386,510.7691444795544
INV,0.7334868060126357,7.9964961967263495,76.20233891087594,0.9236070024958727,5,90.30508305231588,51.04467228143785
AND2,1.1386752265664193,20.082299323805987,79.88417555934738,0.8914346773512493,5,112.04625862938971,131.43102212977277
NOR2,0.8947024694894377,47.63341791313632,78.8326372009912,1.9781729718429422,4,24.034769594564608,189.80006899175817
NAND2,0.9708804821337815,16.66632161765286,81.50737914801053,1.0032279023116377,2,21.588901123408025,71.24960457863969
NAND2,1.1840329060253794,43.53680983348608,119.87049182391807,0.6020665348017907,2,67.26438034507463,236.94517912491423
NOR2,0.7332823639571113,44.1812834024126,115.22456230962314,1.7955113491391586,5,75.65987030603596,321.04928516198873
OR2,1.0241590037260477,18.15913969226609,112.57170365589394,1.0432077453487274,1,60.219945813852796,82.41468312655587
NAND2,0.7370527112874334,5.079625244480974,105.14168109086272,1.2464501941958863,2,73.88116317724568,27.132310564522903
XOR2,0.8877344642332501,36.50333754878209,119.34281072652854,0.2998571756050398,1,25.743673420633204,386.15080621354235
INV,1.1019072725967234,16.264102651685317,34.849464167940326,0.8398828457799752,1,60.155581728869585,43.01885111863495
XOR2,0.9167361163778172,39.36325709862105,51.51232614457395,1.8951405080107189,1,80.6806445080618,158.1703869719704
NAND2,1.1985911769514752,22.69008756476122,74.5055945654585,1.2282701222497998,1,54.76124166360093,60.10830287697314
AND2,0.9795296424733011,24.778070374788456,109.65344931234053,0.7676634876678279,4,83.13644361890876,186.66999957844692
INV,0.8605810763179766,39.1175609306783,75.51657115227324,1.296254299587395,4,56.886997263691555,153.80409163871445
INV,0.8100556629523765,19.73580322201977,99.80347393415887,1.8315728484068583,5,43.36395179686188,74.78809441041162
NOR2,0.8752602671430809,22.71323992082281,38.89599052489162,0.6351023288884693,4,39.91458041501562,156.1882887687598
NOR2,0.8862666368797754,19.433332969711486,50.24138129765602,1.0696194307248679,2,52.25373678368762,87.79797673235241
AND2,0.7343568388619804,18.99968524858672,98.17760950376724,1.9223384293541,4,7.655306608453095,88.06215863310055
OR2,0.8847870997133865,26.77138226817151,41.4734008887724,0.44410474940109096,2,81.88039092130307,222.34331817366547
INV,0.9321192598696124,40.63117278055638,60.135593465492676,1.4729681801218177,2,102.18714871273012,119.82350114741996
AND2,1.0613688761194022,18.72664728420573,51.48662578135714,1.2752242954216066,1,45.78211586095863,65.42161153639675
NOR2,1.028364742360804,26.688481306349097,59.98616942224785,1.3977892465443933,5,10.293810656297634,109.43642466714172
NOR2,1.054382827614577,33.86563894668744,95.83240490779703,0.780292905655031,1,118.47919369933913,190.15695096392224
INV,0.7041818409384285,14.202532868879096,61.7847181142801,0.710093222149478,1,35.3252993768727,63.16001520896248
XOR2,0.808833699790268,14.598617440217236,80.52633226079402,1.4063141807061363,4,19.561428994438895,93.60241924539814
NAND2,1.0308421441999283,46.73724322414929,34.99318770544097,0.5252213759965452,4,47.52153841689822,274.03712365130576
NOR2,0.9419946840898735,36.453194093223345,105.50176932346278,0.9089509203349295,2,89.93405967285902,233.1636619401687
OR2,0.7026567378341729,29.282147134942136,61.988862564812486,0.4737683345794858,4,38.80040864241506,318.3701135595767
OR2,1.1022473212159112,32.73828266660999,89.85341590333424,0.1356131013118599,4,71.0908684507411,513.4891698731946
NOR2,1.0864047866451687,2.4356727120675,97.53896016618326,1.9437078368715703,3,52.789399360271354,8.569026846785786
XOR2,0.9742095814967813,31.287045312523148,45.96609221117004,0.9316015998740678,2,18.542859111811126,151.49183315221794
XOR2,0.733231662888136,25.965934787985894,113.467498495335,1.9423772751092714,2,42.983006436592675,156.7607855906335
AND2,1.0832575247662923,27.74173430919235,86.62242516069529,0.38380821716351304,3,88.36010815711766,239.2401967830633
OR2,0.9918567938656819,18.61176751471004,67.87251417514814,1.2242495453800737,2,75.38044819311625,81.75438572650519
AND2,1.0909799885789795,4.992220987934153,43.23351835782196,0.49783118164753043,5,18.774513686609513,32.23077543015651
OR2,1.0758734961979202,10.473622446990557,119.23009379012068,1.6053393586909563,5,23.782077117145484,55.75341862651321
NAND2,1.1015010359789186,47.58649094742091,100.50682041316252,1.5933616188706332,3,78.68433632035622,187.86534965519547
NAND2,0.9590040332023124,21.026278551275762,45.802456273324886,0.3317014401939062,4,98.54277264689992,199.1510749081806
INV,0.7701622590967574,23.867474635712345,58.77107747242245,1.8346811714076114,5,45.18956703518946,92.06960443333354
AND2,1.0355787366898443,3.5827797028185104,105.96742580880732,0.4859037367420623,3,73.46073646199677,32.05101302959372
NOR2,1.0102368925259853,2.840745247655049,94.5677663215339,1.2723974021879974,5,24.624012706492106,10.104511449281636
AND2,1.0711265935995435,36.14189090529113,101.57842927157243,1.9729912057648835,1,40.80827874411224,101.27942135657855
NOR2,0.7849405030253676,27.366638541934453,69.12011022129325,1.778905485360764,3,7.331073652401049,113.7894543520247
XOR2,0.7974875999501445,25.926593226597067,96.6476262642167,1.9183401856949975,2,93.3517339969451,153.04725376517578
AND2,1.145204758609664,12.913101990710766,63.64937228639137,0.7640856898900645,5,51.11612927389118,75.23043527483911
XOR2,1.0749888992260352,37.49278584986619,46.126291693819645,0.3184822073725911,2,98.85444097020469,378.15337562355165
NAND2,1.1541142443501613,9.243592376316101,88.26770348413599,0.47409212178416615,3,86.46289454261353,67.01799201911595
NAND2,1.0793576605819604,10.306802439389982,122.60139255987941,1.0609304027440338,5,100.30559055877485,65.94314317139353
INV,0.9985776529951509,23.574896396065498,56.060097139532964,1.6112717951538456,2,37.85074700203152,51.125791777844945
AND2,1.0270663685139367,15.027713243485104,71.09695922125397,0.4022888510656854,4,26.287503999202205,113.41264878301743
XOR2,1.144563961970005,13.125686080424172,92.40013710698535,1.3602952806502233,4,116.76915350494211,79.25668966453829
NOR2,0.9894033772559703,32.61664458311325,79.15062821224879,0.7283258955942823,1,87.4926955097,181.39897721850576
NAND2,1.0161956621641937,32.89761551570868,109.34277957090492,0.7614598960972485,3,100.9148608115671,207.79394456413385
NAND2,0.7782383580018002,41.40133642019653,101.1742706469516,1.3644053326969015,2,6.510337976642378,174.7222924944859
NOR2,0.9369606100580513,21.467719781675818,30.829720386235703,0.997958908722454,1,45.76308633402696,82.13794579476252
XOR2,1.0581985559790494,4.5811694602813615,124.8421233923774,1.6466225908888685,3,90.42391941639315,28.778594484479203
XOR2,0.8354713491581827,14.409652861151425,100.24024537194673,0.41312679816611486,4,13.968025793848081,167.00807002553876
AND2,0.8011270902622674,49.02026769664403,111.39033162941132,1.6051027471620323,2,70.2440919004276,248.07884708718987
AND2,0.8569134041122077,30.216670186402403,90.11977120953463,0.24076226634795123,5,54.34336825732537,437.5170982104913
OR2,0.8207503139964167,35.77711715525,110.62851280467623,0.48482129486173736,4,7.025898321227339,331.1888057016145
OR2,0.8074563185181979,1.3605336516453121,36.23829749287094,1.353561463265951,5,32.13719136873691,14.16390635440656
INV,0.9124254214340435,26.392080876943524,59.77378355593156,1.7272602342408139,5,37.751078742672135,77.19400136200242
NAND2,1.1539192569417671,2.838904219058353,112.64209436044928,0.5950377001499761,2,17.863893829827084,11.123892159978869
AND2,0.9535298233693591,28.892280392480952,45.16552112668922,0.7351202189583563,2,77.62674462040594,154.9024246818495
XOR2,0.7939601904076614,46.117771632167695,32.82420985800228,1.129787006779071,5,32.87575576896724,323.67040565282446
NOR2,0.738485834690437,48.452537394519986,103.8118939945219,0.5177568761998883,1,36.92624245622966,391.40687164483455
XOR2,1.0480780725689627,27.487081094057285,108.54861556432962,1.6449737717845105,5,108.29743879301695,185.02019691364794
NAND2,0.8913993822181938,23.452035457358583,41.265221818990064,1.5744368926108303,5,58.719155659711035,104.8295501582081
OR2,1.1109154732926796,47.305837618176206,110.43459827827155,0.3931484184956694,2,50.09473690146632,356.0390417633315
XOR2,1.029755384320385,34.00688176783806,93.67677955971696,0.9919998958152684,3,88.24516940619247,236.70785114801996
INV,1.0981207252706842,4.180064697382064,77.00826832165839,1.576676201310688,4,109.6055866415349,4.617455088859163
NAND2,0.8359730197092243,23.82055330570738,108.0250192781385,0.7541795184744198,2,7.879178667306041,132.7198747496212
OR2,1.046179461230529,12.772005904750891,66.92492493189658,1.3102408267093355,1,56.547467353870594,47.07173428692636
NOR2,0.8320309923468594,24.020411750985396,44.399395622339725,0.21440066834023672,4,75.23985594896394,344.106398786133
OR2,1.1695342397251458,23.317813028311726,53.485267661061364,1.2643348697951178,2,41.6347562844888,76.74672426024999
INV,1.0181871407666871,29.52509533792236,75.51640182933149,0.4069876024011412,2,93.82688804417279,163.91906059816571
NAND2,0.8622559000876711,18.48175402711331,78.13307926731757,1.6814966512151683,3,116.7198630810815,96.65538506228292
NOR2,0.8347559311461363,9.049252023340475,105.55808264412336,0.7882449915312995,1,113.49414711878256,70.812516781962
INV,0.7954632925358217,25.682252294907858,104.13527236523345,0.6493212619290079,1,35.587992028693314,115.25376917778574
OR2,1.0473204794468638,41.67994133294234,83.13665572045748,1.7008712762175917,2,31.02890202031089,133.8658022193653
INV,0.8093578064989636,33.53659917531251,103.07854833654764,0.21427076337500317,3,115.11141106744043,396.61596277608663
NAND2,0.9976516329637445,17.580025430335574,44.1773458293671,0.8656245427485681,2,57.74227605461858,75.36214185321607
AND2,0.8323175134626786,46.840628115184,30.006452709329434,0.815606656281059,5,28.95423815473955,292.5331776369835
INV,1.0309844723969341,45.69817099120993,112.36338226347002,0.6554247035891556,5,86.30465081749809,264.50037206492067
INV,1.1074698642702696,11.25807156982084,32.555449376276954,1.8340981441627768,3,37.70833724893603,23.79827398566748
OR2,1.0890126215723266,2.931461670897786,49.66884297439973,1.5317453798114378,2,35.73340213317102,8.933246618196216
OR2,1.0804256654653908,37.32412670918735,94.53189496243846,0.2401755486808449,3,106.11363995394524,458.91140136058254
NOR2,0.793861202846126,41.55290280610851,65.94479376273091,1.4636124049377137,2,23.685102638343896,184.7453936829089
OR2,0.7441924734922594,48.42536373161641,112.63139699155089,1.1113223702821327,2,12.405188843617184,285.7555217134506
XOR2,1.0494744142436927,44.60198331032723,54.797979466226955,1.813631641474969,5,35.956440619744036,205.591374343118
NAND2,0.8841736068971756,30.426203642114327,26.18713466693593,0.7083377606149138,4,74.79872247639344,196.59763450319826
NAND2,0.9161731132016736,26.97256462140666,55.065564056074415,1.1994245592660158,1,19.155103141376113,87.1932027143719
AND2,0.7155745463966955,2.364211511866728,82.80750491848316,1.0614199165130536,1,59.23338731183128,10.79009949151094
AND2,0.8297882246375246,13.086165895394114,62.59383754032933,1.0403745037078986,3,77.14376769891177,78.35845529314189
NAND2,0.7168382019372319,23.521122834913395,78.48727557587553,0.9774781510923597,1,102.60475414821501,150.76597859595972
AND2,1.1395928863006237,31.796691104094823,112.65981188350187,0.5065834140006887,5,31.435002988259253,235.25573122937854
NOR2,0.8216983416092651,28.305339832602122,116.24850542303685,1.5407346542856983,4,98.99482718902078,198.97265636819807
OR2,0.978668584786504,37.38916349440284,51.59740646541121,0.9685117415498626,2,32.01422003009244,159.0384327948615
NAND2,0.7194896603305652,14.708579613465002,71.21404732699007,1.9220105970048986,2,82.82815224255866,70.60744773527742
AND2,1.033423695652829,28.68267777497119,79.91440152414512,0.6103198431224194,5,54.52746072048234,210.23391576926534
NAND2,0.8615136728770469,5.318969926148815,119.9112456888247,1.4035584184988372,1,18.188342873547068,21.947095628105277
XOR2,1.1489595934788328,21.26961065557714,124.86173191643847,1.8885481097215238,2,87.1402982245126,91.5283676143352
INV,1.144059094467018,37.75788081477545,48.54072488415267,1.367301647270254,1,30.042701133137047,76.10397655545684
OR2,0.8626453091808739,34.976641818023154,97.69798713458154,1.7579930663207017,5,25.31169399282802,184.1062360559109
NAND2,1.150480447845234,49.54149412143677,62.80310622331952,1.6756642043431713,2,46.20713678777907,130.56123690777395
INV,1.1980788367493893,14.616665173400044,25.810819688621322,0.7970213051193272,3,80.1283781473406,46.86777316169392
AND2,1.1127078320619739,25.41127565952498,25.925252243590236,1.2482330070862535,4,31.909595060922197,92.71618152380829
INV,1.1224356738776144,17.14699027492584,71.05660075622558,0.4137713188453485,1,26.12107695991686,62.723402045676984
OR2,0.824504368054545,22.58955258889956,73.83349130043347,1.126788659467727,1,6.144666957036899,90.7611818959575
NAND2,0.9883511994288781,42.99055636360002,27.256969657344264,0.5531933070109539,1,59.23895616669821,202.78381736774077
XOR2,0.7336279569836839,34.52624468423584,93.69274167743025,1.5182252121105977,1,54.29424047124601,202.0892563046197
AND2,0.7474589684108348,44.2396183760315,54.400338859495314,1.1127498331571941,5,31.894790518298272,287.43830700818705
NAND2,1.1994463060166454,10.972044308262436,80.98931015359494,0.8931074417475217,5,11.169998861114436,37.08429505336379
OR2,0.8633196247129554,43.794694774230464,55.09190731654188,0.6253385407939178,5,54.36442557852124,378.2515274676038
AND2,1.074091956024423,3.928351434740837,41.713431486930716,1.9975531458616191,5,95.6435877732376,13.808358551054816
NOR2,1.1033325265134082,44.541364741420466,65.71737385988753,0.25481577926367344,2,87.25744510262535,407.1267491853209
INV,1.1290116355036146,17.124615193575668,48.227336479050074,0.20189407947614962,5,103.99141233391958,145.15177962501352
OR2,1.1988141487010782,16.41479403728926,78.48009769191681,0.5284439129284654,2,6.102009087012897,70.97864213350495
NOR2,0.8207482426284338,26.092340258234533,44.88285302864799,1.9456162222203008,3,116.13822143252882,130.8559087688711
NAND2,0.7201754134298498,47.093819198438354,75.8405976644627,1.9609677564415706,5,44.262409052156556,245.29610672842742
XOR2,0.9055957589972929,3.3412868693888633,40.737851486886754,1.3512641413716155,3,118.89574655057595,18.697655526150967
AND2,0.7650403349144734,18.25931777846652,92.09747094857849,1.7746005343480409,5,34.05123796920408,102.47128248199306
INV,0.7112129445810276,42.97202744548345,100.39376844414241,0.5222480539806953,3,59.22668457149815,303.30185390289375
AND2,0.880213413570743,20.40666939433787,36.03942342499338,1.9474391370520523,4,45.70168280615992,80.900288748646
NAND2,1.091869125537618,10.758687982256284,71.78024120373392,0.38843551826238154,3,45.9124822243448,69.79204525839967
AND2,0.9830903456125354,21.814914885239176,32.087170065487356,0.31011535378151756,2,101.86244135604481,184.29698297281544
INV,0.856388994605177,19.892072573091795,84.81824455420023,0.33095769378487305,1,90.83817806979395,134.7000795604133
NAND2,1.0271710027463599,45.85539387186847,51.44042979296454,1.1974804957524214,3,119.09741505145553,212.69435772670332
AND2,0.8160090901544053,38.33478441141175,77.76244568387078,1.5882318733499383,1,75.55418851251395,165.3957819040872
XOR2,0.7071907230360425,25.75066223145631,76.74610093842912,0.8093342944043102,4,58.27450950536781,275.9619749856843
OR2,1.0821766932182135,49.43015776935698,117.43543461938005,1.9584444570379178,4,15.35849423889248,195.58634022501343
NAND2,1.0118715424320044,23.798599032520244,79.90832225687228,0.9367098596624593,2,119.60456324409353,128.04112431478723
OR2,1.08115131225048,3.8536537101934862,83.29984797183157,0.40284327545364657,2,68.42602508721254,24.508743969708863
NAND2,0.7194690083438328,13.85144176893426,65.16531257643803,0.9960174865899369,3,85.5549090143663,102.88894153020716
XOR2,1.118559813915326,22.367453530746317,119.90796031828168,1.3965898709941869,5,51.77537452700081,140.2040943960075
OR2,1.0097631000181515,8.688228583159885,102.71859094396096,1.6845844673482318,4,67.98730644061213,43.11558984253149
NOR2,0.98169767535632,47.430691189878104,53.540529030284155,0.9824843851183946,1,113.39643916768203,230.85608168509162
INV,1.0123070240572658,38.575595993070884,109.42095857762321,1.2359808329724349,5,24.138235362134317,130.35667400372665
NOR2,1.132216623434182,14.14607282096086,68.239636018509,0.6226080588586442,4,38.622847197979276,84.24715833409579
AND2,0.9934682532794534,29.949422142377877,107.8667143533594,1.3343230696423662,3,22.48686869447372,123.36953970504676
XOR2,0.9904751899440896,36.35100869836903,107.28880682935021,1.973627254626646,4,96.10482893754909,212.71941459950938
NOR2,1.1953395785328829,47.122667516433104,43.887018676285436,0.21222071646505244,2,12.135204948510399,320.533979407221
NAND2,1.078365083534284,44.200132109595124,95.1141131383577,1.7866776609257153,1,14.387639732903905,113.00348879845555
AND2,0.9211469027255677,26.24441908077247,54.064296930653114,1.1770911052029427,1,39.326822970547404,94.68150209879316
AND2,1.0536985000164638,38.95797836985786,54.74926699926682,0.5939454799771239,2,64.13164080591629,215.72767594890058
NOR2,0.8946152358458942,28.545092937551665,54.634807688058075,1.9151926548174047,5,51.72160206435245,131.74562011491943
NOR2,0.8144377312417495,28.082490612231464,97.55682475599482,1.0287060897507299,2,10.153875727142836,145.6593346004461
XOR2,0.9984259384438796,6.6223559585714025,47.982604179253606,0.7435776731459649,1,115.11152915515943,40.30063338060927
INV,1.1640910490569758,7.180745242791451,25.090583524609023,0.46121554114918134,3,114.57999484117963,31.585525447631802
NOR2,1.1645697600077314,26.947147136100416,96.52368534826331,0.5795701552825246,5,37.125977172687385,178.77462878087044
NOR2,0.8709526390527451,14.174215703971324,42.11847438351253,1.685756198191912,4,89.12544575588687,66.54320826142303
OR2,0.9638387331108474,2.030808220562963,35.44823953078347,1.2750908175162716,3,71.53617230907074,11.464510200034548
NAND2,0.8058179492849306,36.419120991110404,48.751612059406014,1.8369017646380341,5,32.30981992564677,154.74203231103328
OR2,1.1978155547494418,2.591843237818083,62.9900522322704,0.5561006900566373,1,35.14972845028578,7.86015404052692
OR2,1.1905589539339678,30.168565214098674,72.59063274732007,0.34774051883593476,1,61.482615045701806,186.34602599283951
AND2,1.0247544648537237,27.420495912238405,29.457004071263082,0.1314445582341092,3,53.21224827219641,315.93239600950164
INV,1.1022070298387368,48.47191983831242,122.05733326273605,1.0747806307180683,5,38.49137274659539,174.20167461416182
NAND2,1.05755008064185,24.72644382803444,96.60630534195582,1.9968170291181375,4,97.86383357509213,101.03043896307295
XOR2,0.996579109519734,4.1164703825120705,57.31940653243362,1.4265347053790411,4,60.368235528299266,12.074573793728327
XOR2,0.7266739984944488,28.032710422516622,56.869725728539734,0.6997818328944746,2,80.30752717474971,270.0767444044956
NOR2,0.9273821712763305,42.21371236018897,69.85425493684593,1.7684941360892028,3,26.76645251930568,159.72637902648367
NOR2,1.0373931510837053,49.84561492979056,87.6244822763033,1.5896378600573642,5,66.35338118939598,247.07254218983778
XOR2,1.0387658069418424,22.086815510764552,39.637306658896776,0.1489805122238938,3,41.567245686361474,295.82357845482807
NOR2,0.8865613092111917,16.694638382340383,43.892981376495236,1.655697703417122,4,65.53756519541099,76.85186250401671
INV,1.1708459933290152,45.42601155064795,110.94345828335508,0.6849903036083724,5,94.79497084225673,235.1068145714851
OR2,0.7836785161183905,10.370864324729947,50.625492388907254,0.40138611341717,1,93.4250191604951,97.40951466931502
NOR2,0.9501797231077802,31.156016836613404,63.01949979751775,0.5455019787057002,1,45.73537797394173,182.13180223334098
AND2,1.0454419882754113,20.88000678486644,112.12718509501171,1.0009300322252612,5,84.8418684641585,146.97440839386599
NOR2,1.0485679029459045,3.013035882822209,91.31478293998225,0.9187517028878607,3,113.24834429534185,25.185482330642827
NAND2,1.0243194783844078,18.01713524097919,59.171187934168834,0.6631081228235463,3,76.95197294136423,99.73651371426499
INV,0.83764410672593,13.996197602631055,93.36995457246208,0.4437704457492215,1,22.06716418900327,69.3478638447134
NAND2,0.7781032843433109,34.61846654323086,26.96832153814137,1.5529938845272782,1,83.16649236709594,132.27741436563963
NAND2,1.0179701634133553,47.49073438690399,98.56426600113653,1.981406393421644,4,17.0640044301708,152.83487110193406
AND2,0.9996510580697189,14.13431218155325,73.70160405162395,1.582248171189018,5,105.29269701119813,72.91207776776899
INV,0.7896780051446204,40.7618310184324,106.31821472844612,0.6763614992224974,3,64.41595701722314,238.87120665217745
INV,1.0525695727852815,3.7126310299820666,120.46376520064683,0.5802408474548107,4,49.291184675831644,14.753599136708322
INV,0.9275859958668282,27.367929491950846,117.57885494945684,0.5292118470039638,3,11.555758384714624,127.1670375172013
INV,1.0338802958015765,4.456953121784835,115.92650434553407,0.3769867400393882,1,48.79012947809262,23.52104946688198
INV,1.1186835398850752,46.767616565401326,76.21699559338872,1.1565014334215262,5,108.86876681031578,185.5385097285224
AND2,0.7848642142884615,38.55121274731212,61.014211413893804,1.258152699272287,2,7.413044572924866,161.801419518797
NOR2,0.7095724339984183,33.239545649025025,71.50353247306728,1.446345002046698,5,59.58453814490756,241.15218812561176
NAND2,1.0895512931978932,41.37092269960855,93.98960033133608,1.3988011373552958,2,112.08318047772157,168.3236187792459
INV,1.004848712576308,32.728469982937995,113.39977768711867,0.669586625212759,4,50.406714972977426,164.52866969513553
NOR2,1.0498197848110609,48.478275461540264,45.698630300011956,0.7409846901460715,2,54.2402040581473,229.18600916210292
NOR2,1.1190774874943212,35.98393944537381,116.8193158461703,1.401247326631595,2,71.5344063478988,146.20585808523543
NAND2,1.1014054674122502,46.30827186953009,106.5180231969889,0.7769615646732212,4,58.2377933613761,263.28827472499097
AND2,1.1804600734644124,26.339462708521264,122.88560151782346,0.5197315964843084,5,24.389194492318527,192.00070499693965
XOR2,0.9679675394260591,6.73615623611127,113.02517732816871,0.8237519689498704,4,7.133886993033947,52.944282365408306
XOR2,0.9442478163299526,26.88070834972784,52.99373296919067,0.631518216246598,1,75.12834066755069,187.64943484588426
NOR2,0.900943599945365,7.216768575091572,35.59559113440477,0.28602791589092624,1,110.8927575058984,61.97293787857265
OR2,0.7768455214221022,30.03218047964385,36.22410719915886,1.6806611362801085,2,17.23187529812405,114.57104326376174
OR2,0.9863036164410112,24.642159965855484,54.12233185782761,1.723849411615228,4,29.25956271406664,98.72402361268207
NAND2,0.8385062621629893,31.506194493806305,86.41837239845393,0.5331305643137334,4,47.57639086987195,269.2235850587639
XOR2,1.1606537561064876,1.492302071686748,105.43203260971725,0.24177173510737926,4,98.00535633742876,14.931118848352009
NOR2,0.9915954021385487,10.547184091112841,114.92503069815648,1.5089955822202175,5,35.96493639416242,57.25404512168882
AND2,0.996420090254055,25.075191163694413,87.37533843692327,0.5176738166232178,3,106.43625649205838,214.3892943649866
XOR2,0.877462330438505,47.57467451786761,25.56313127480537,0.8596587201412972,3,11.320155584757638,271.6021580987007
NOR2,0.7259946759888537,19.79684297740276,43.63167765185335,0.2405742742062805,3,113.2100114447775,307.767993031883
NOR2,0.7158718826864943,21.794229276628098,34.972620385336796,0.5453868193458581,5,69.48591395548296,235.4099727238645
INV,0.9116675720765988,36.02010836132449,61.332447556901,1.610656283259715,4,80.75943302608601,123.40224648561535
AND2,0.7422826890486189,30.585845107019782,75.1350993633746,1.6322653202005795,3,47.28429509168061,157.32060930848854
INV,1.0034234777700695,15.647381354818329,29.339717857856083,0.5093194707888955,4,94.92934283377194,78.61888628598473
NAND2,1.1404865028198286,21.13000338280396,59.84779757956553,0.7515180288005763,2,24.155118759706696,74.76681115924102
INV,1.141457408259361,11.66729014400439,42.91796746253226,0.3723682278962379,3,10.624859907026009,46.87006138548833
INV,1.0295227050661162,48.33505149738022,89.70701662588739,0.25944454493565405,2,50.48444845736907,292.57078962340273
XOR2,0.8056159157364655,7.401084696310627,71.427236932434,1.9852828231630097,5,103.17500710781954,51.78621358608988
OR2,1.1314984156794359,19.220002443754552,74.53176469339088,1.3525166283402976,1,91.81658621333489,71.11689785647171
NOR2,1.143046717656604,2.2661096387805486,67.76917880334611,1.1391414372928392,5,64.47293660623016,12.028002463413157
AND2,0.7983267924764793,11.867195104743773,120.6019710486567,1.559137180761963,5,70.79584092401565,86.24441279357487
INV,1.0687130428853386,39.24308578062759,46.473512512156326,1.6993450602129212,5,19.937675024356874,88.45323662560855
AND2,0.8432597744635615,10.857586382155093,76.66642598438743,1.6366237639240877,3,101.67837349102194,52.86546378734912
OR2,1.1013201561764647,4.9231067239193145,98.60173683653359,0.151094164664968,2,95.50036354088265,65.5963559148021
OR2,1.1986189499518014,24.24820581238164,80.68444131345626,0.4711988485981371,3,80.49409529699841,165.32499203047126
INV,0.7150130026646964,1.4884925019914061,117.90208857168011,1.3512219679815223,1,58.61196917782792,8.045300032950399
NAND2,1.148682932895466,5.1535415668903255,62.796835564128415,0.8264275738714503,5,115.91281585214394,23.294730036134943
INV,1.011315266799329,40.57366760858578,71.3675805773178,1.9670673839948811,4,106.08867676579418,126.47073570924269
XOR2,1.1866913095824105,38.80219389812071,33.852231521472845,1.3709610101599174,1,79.10950675418114,141.38297809777916
NOR2,0.9325047587632138,45.841802199839904,85.89991110519286,1.9183119484109081,2,47.75711473748811,168.43021558104837
NAND2,1.1236939652856868,42.87125635962673,53.8211968448106,0.49871938549409234,1,76.07256204837392,200.9256430574907
INV,0.7311970342991385,34.47560259875109,41.03090395155689,1.7442392128562432,3,71.17570655102652,118.100583857511
AND2,0.8676395250391478,3.564310007732479,79.4531292904508,0.7241423349326236,4,50.33782860101538,22.875194053082172
NAND2,0.7335082688756049,39.35958228134622,78.23102633799107,1.9803818394870767,3,40.26750674412875,164.86690944423083
NAND2,1.1876715667395352,42.43002973118746,32.58716412240476,0.4164547034975169,5,51.806241107292074,268.07302539973307
INV,1.1084869536359183,40.15502514282577,94.82154534944728,1.090718859416054,5,70.99981169384075,158.2001380352369
NAND2,1.1262737106229852,25.915472730093278,87.37721906508528,1.610547723613789,1,54.235507141775855,76.43159569373209
AND2,1.168982615716947,12.412190093824602,43.90172827464972,0.9333678635355874,5,35.311066143159145,54.20946873540865
OR2,0.7425517430598927,42.42116880874761,71.94348621540439,0.9999980331527757,5,92.510781542493,399.28645574996943
NAND2,0.8927987962566666,36.630977677266785,97.032291647856,1.974348895550793,2,66.11876203510249,141.9588064851133
OR2,0.735517444522001,49.05729754505373,77.94357405412765,0.9195793225661681,2,12.782643770943997,301.48303257339
AND2,0.8053965507750143,8.628937290040714,64.54890761835702,1.2556555491262396,3,47.356398147004434,49.478155690397514
INV,0.8146828885188362,12.057564569550697,57.233845808094365,0.22253456206928332,3,106.76504757937926,118.80292225741152
NOR2,0.9345536055237893,11.378109344193632,86.03938666440536,1.7033549507952888,2,91.85220108799447,50.55622263359812
NAND2,0.8342810837268213,39.834448613445495,118.91086983102406,1.3385559320815417,1,42.173380153560814,167.53545374975604
NOR2,0.7504890534088805,10.15845752605579,92.17448404774834,0.8795577933820894,2,112.89106248511854,87.09877080826641
AND2,0.7837455445470538,4.266331661341999,32.47459036363155,0.15039873511449714,3,13.809334461194167,50.47625841101665
NAND2,0.7736377817760454,49.9294795226958,71.06849734821338,1.2323373827157873,4,115.54199094760172,349.2542777589541
OR2,1.186538398956149,2.216043360812308,114.08241315106275,0.1437967175502249,5,33.2560856357377,32.87349021822164
XOR2,1.0796462534592368,41.926958947784414,34.44624258010869,0.12226279414895366,4,6.045830734778216,562.4348730640995
NOR2,1.1838807326347809,18.902975235981987,123.88757121375433,1.2782652968407866,4,54.88792419960758,85.1514193063447
NAND2,0.9198702432539543,42.23915752813295,119.90693936454213,0.475352086588962,5,46.281599414005996,395.2469499558826
NOR2,0.8391842408313283,28.176404069346106,32.827448072987586,0.48074859347001914,2,66.99523559878129,217.4781750541119
NAND2,1.0991465986045932,45.179930244831645,118.3413320449555,1.348150543765558,1,96.62887896553222,169.1689497999913
INV,0.8631269590205733,46.383456334316705,61.31325902594622,0.22095071332602365,4,101.87954224730142,476.41458081822435
OR2,0.849691686852674,1.4458108827580238,109.47091670758626,0.7092024555721659,1,51.141449955344555,2.164475937753952
NOR2,0.8162529961039156,4.695196623646625,66.83833377132716,0.4009319760269958,3,54.43226052623027,46.7307408542629
XOR2,0.7648394891121176,13.267577748971918,69.08551127025159,1.2107315752174836,4,22.040438987889473,94.00760476894916
XOR2,0.8282315305083829,33.796455401811585,88.42430909775426,1.3641184908875041,3,10.467975021333801,191.38005804402508
AND2,0.8776598742369438,44.52533762906379,102.44774192759833,1.4757354047662017,2,78.73972387702784,221.94095736192781
NAND2,1.0369971040728652,23.537155613404174,28.378915094824862,0.599834687806903,4,12.410326938559612,110.63441580427408
NOR2,0.7312824211097257,30.741682697439007,84.31559955271342,0.2877895330767779,3,89.39046373346743,464.84877594849985
AND2,0.8052534698326714,10.236492786982495,43.6732994097371,0.2679252750507679,3,66.99536667755847,113.19577570017684
NOR2,1.1045118201458382,40.44337486020258,59.594951786320294,0.9211649110873606,2,27.83704249599959,162.45846774049633
NAND2,0.7734609617918853,48.399077456320015,59.79686661552165,1.8981874890379042,1,67.0451385039547,173.97459672923947
XOR2,0.8713225732612607,14.161347712815276,71.90603402211536,0.5293305843844063,1,26.044737409241367,101.81748548508403
INV,1.13232946092907,25.246471628426768,58.41364118761734,0.6026742105221127,4,55.45477886369738,97.12545347730415
XOR2,0.7774626555717212,5.219689414812316,35.73611184506677,0.3096709479590148,2,96.94943636785632,64.99567458791981
AND2,0.7413684178090949,28.397696166685453,39.562873852545145,1.2584721149205889,4,58.1207187422233,171.06407318704504
OR2,0.9422689975400054,25.636388650487348,28.343798556109768,1.3981610030206888,1,22.100421604218045,76.17326377084486
INV,0.8512097556392682,8.077387723598802,72.02490853287543,1.3287106713422288,2,88.24029840963868,32.34716747334266
AND2,0.981704182241927,22.661244442785677,120.44476948529885,1.7389248569241886,5,26.478367871051017,105.1413280975856
NAND2,1.1019024452417376,17.3711279522416,36.56752236481166,1.0344805698490147,2,89.93323555256258,60.00832992581314
INV,0.7685742440763715,26.56971288995428,119.6264493003082,0.3727792366420811,2,60.12551325982083,204.3199177934648
AND2,0.9903495422771424,29.69706243601116,98.33615147320936,0.6640816457242957,5,57.18030229584468,229.70179661836087
NAND2,0.9527543801949319,1.416283351753266,88.74988029341631,1.3653683500321412,3,102.9150293536096,6.887008575171031
XOR2,0.7720393930065997,38.28929316452821,89.52777553235629,1.2726693106341325,3,86.48940529917691,315.3844779707207
OR2,1.011999242764491,35.9377003012253,107.67276483962821,1.1182858839167693,3,8.784741649818015,159.03286891677956
NAND2,0.8368202089303858,18.948032924119588,35.69198643798214,1.403973107134732,1,39.060046179184276,57.565009431058485
NOR2,0.9439171592720061,3.5938608428720946,75.47543235655418,1.3182947987018028,2,105.15587599773833,19.46256279638536
NAND2,0.7411361621385308,37.99169444946747,94.70911382607585,1.776890792194109,5,7.1075093826978435,179.1280184003655
NAND2,0.9297920286068115,47.80358286342849,83.68204450735637,1.2217107896591974,1,67.7041463201266,186.7717672169423
OR2,0.8532317340214102,12.767428205078696,108.27790710232946,1.5837705543570462,5,88.69995195500354,93.7894475173099
NOR2,1.111190605592677,16.852706073114856,32.227170901135146,0.5875694532169595,1,76.51344983072622,79.4031240199
AND2,0.7284893634986841,10.006831584608932,94.0701039499166,1.3949832590274478,1,92.46120324201019,50.72368704294285
AND2,0.909303637459165,29.269870043897143,78.40277303847178,1.8161249425594301,1,88.45456262519576,110.42791336891163
NAND2,0.929215712065719,8.587228337725293,62.91608639799434,0.8451767764516864,5,84.58352994260804,56.636448375980756
NOR2,1.0625030381495593,18.45350322960759,59.027498223403086,1.5847158721966554,4,99.47708400645,82.12672193102506
NOR2,0.9871437875451055,35.153637682778886,87.08326327741929,1.4826038862474185,1,79.25442687169691,152.3999938604127
OR2,1.0336061685970905,28.44568316745807,114.09953746442648,0.23190925011902624,3,51.27812683955294,333.47001072287634
XOR2,1.088524642825878,19.936665652068825,74.61759261011153,1.2132356220932559,2,59.26954764017757,93.81067288025851
AND2,1.1311014868290943,21.59223048856955,107.47231640769202,0.36475597649750846,4,87.42335000836681,209.1556381816888
OR2,0.8569377483612353,28.543433248538246,65.21563818439675,1.9385600437935113,4,105.7751934116813,156.3749063676282
INV,0.9690113526819515,1.2873716664709038,35.239446279317654,1.6454461050772335,5,36.3051620965742,1.4483668193093977
AND2,1.1200540392196,4.846983554226883,31.150573645863854,0.3262807463445858,4,44.33883153667314,36.28808295042748
OR2,1.1947255654825282,44.18164532038757,30.133437132367757,0.3488937555776354,5,112.03503058167746,412.9944208975081
AND2,1.1447596555218815,4.816070465473247,63.015014195766994,1.2376108472357235,5,71.52885612708621,26.33011772396169
XOR2,0.8857336313121884,35.63337621431475,58.72377508358421,0.7683916474455846,3,25.58060897052512,251.1711945010266
INV,0.7975832586093252,46.08187004134358,96.79370236225695,0.18562301505744544,1,81.32494097492402,440.2170561427783
XOR2,0.9446962687032943,14.263496610784824,99.28215015848659,1.1382860347261397,4,118.93764788702866,125.8878209401983
INV,1.0708207259180211,19.154080415916198,30.08539688337398,0.8491487874093921,1,99.697159914096,59.41097449790638
NAND2,0.9462845353766487,28.877148886391097,47.1123262889015,0.31002380565887616,1,90.76023070341131,221.54051290401264
OR2,0.9415904316568342,44.20373951229065,52.42618501588997,1.6276103374412474,1,28.925365240620962,141.68455673241945
INV,1.1191152105409001,47.15337377576059,79.76119841428094,1.8403443187241553,5,105.75607523866083,141.85969744691923
XOR2,0.8807018895335932,37.238599157452136,39.451522390695025,1.5423965959465644,1,65.46571700658784,164.64785464976637
AND2,1.1298973374058228,5.244368281880007,38.39412194000003,1.6661539428306011,4,107.2683525382749,26.155190178303286
INV,0.9034024004758617,33.78855362120769,119.3788889207958,0.5270022664603007,5,42.93020038386112,219.87438761122763
OR2,0.8641165528391697,21.104882371760443,105.4202907297781,0.6155171477269699,4,12.135871053074768,165.73564021197785
INV,0.9269949555998495,24.064348975062018,43.06549020911703,0.5120317757624729,5,59.7372363958708,136.22284932920405
NOR2,1.0812234793374342,3.408271126913675,65.65678079054909,1.55831925096726,2,36.03132455405593,11.61294298384804
AND2,0.7630010139319972,10.362044827971552,60.56219992575655,1.9020841083968543,2,87.2513683242743,45.35758030453258
OR2,0.7982096079360086,39.73516676914874,104.10040740654073,1.4676539486597369,2,115.06725357844373,257.0795722425161
OR2,1.175722412831546,23.243982819345128,76.0212916478122,1.7771575179735652,2,84.46202738242985,81.19898729646839
NAND2,0.7877458136906786,15.781449839926294,37.7849736993467,1.3207542983803644,5,106.9974019165584,92.4544705699709
XOR2,0.9838636589655272,19.81693462428295,98.89920631562438,0.8488006130505422,1,57.09776156413873,119.3580764347593
NAND2,0.9896572333309689,42.86557615295833,64.68879782249189,0.9204318360689737,3,93.7386847774597,228.04093242070084
OR2,0.9448122310251224,37.700951852842884,51.292424763214704,0.26160429247472106,3,101.9499952172459,442.7871665597764
AND2,1.0223726242884092,14.343454461873057,62.54986220207201,0.17913952706252903,2,86.75069717210738,163.0389864019121
INV,0.8149133628988092,6.757590170406292,74.77565636068964,1.4274941358754654,1,63.394387897999934,21.40461177843482
INV,0.976331133888374,13.347912860559514,59.311551641700945,0.9442463169810196,4,76.97460260576733,54.72663195793123
AND2,0.8860866276234485,46.11706610168195,49.19057725917578,1.1581643279427034,1,85.55830450307124,205.96482847819814
OR2,1.0308336298145946,29.49785305463801,64.85020288039803,1.1684031455301427,4,34.10470637046409,140.3614313007168
INV,0.7706117716865747,27.14053022849436,26.917291074989823,0.6414665290666066,3,98.10161500522325,147.80071886775593
INV,0.985438708419738,30.223286384930613,102.24978460963139,1.0146779203594425,1,114.28732198123643,113.06232029795422
INV,0.7926351776916618,18.935385021579247,42.09448935675858,1.0050292167352801,1,58.50252124569264,65.89882717629382
XOR2,0.8393215315575182,40.54824399565612,29.390461363063725,0.8502431759083711,3,85.6227260576359,309.6716985640752
XOR2,0.8093549001617916,26.64102621571224,90.36986929050792,1.6628697207940124,1,89.7579791658907,154.09485077360125
NOR2,0.7914188899344086,6.720647235670982,102.39361288236722,0.9681883269326802,4,81.15846796497023,55.15445427549602
NAND2,1.1128554757803335,7.324191116624085,106.38291315928431,1.254851706071257,1,67.91823745779308,27.749898363020588
AND2,0.8428537838304451,27.3060981786283,74.35091826605999,1.803577826315953,4,106.38951477610321,153.1145133207661
AND2,1.1635618909322245,46.89194068547112,45.53681846899853,1.7485192109747743,2,56.62657156592286,127.74314275815391
AND2,1.1849632626725954,16.10925396213374,98.72276772498267,1.7939937431048303,1,12.026839995959412,40.13202602974992
NOR2,0.9856302349685486,43.607517274101696,94.97130771543371,0.6276093933542263,4,102.12398320689843,378.97784171623687
XOR2,0.7715005613328632,38.44068374236509,49.62707341031732,0.18576707801915812,3,82.50784631640333,731.8874091766883
OR2,0.8872741216897906,13.142809702438436,115.34077558627929,0.6108055838032189,2,102.66474204745936,122.54445504804661
OR2,1.0988661316741068,2.78069666749588,35.4371458082829,0.6439698097669322,1,20.932955881139844,8.824814171652196
NOR2,0.8836953643485352,5.990515991976754,123.26882395913256,1.8295974142429399,4,8.536588158617379,26.147226114759516
OR2,0.7435086091513943,36.69620275852457,111.02478109774646,1.3405763377353848,1,112.45307214398765,241.4605568750818
AND2,0.9783924554640939,10.783817163991689,93.78986454790751,0.27360344405219006,4,21.98875517281604,108.3307647726945
NAND2,1.1225604257480173,19.192275104764295,118.87498882798329,0.3745117605008701,1,98.11001818810196,140.9295776727156
INV,1.097963193571751,25.583259134314815,97.23111683237077,0.41267111601891376,2,99.66914335077311,131.10099908986405
XOR2,0.7875615700651766,36.54794025405798,44.045699703004594,1.3051928865575755,2,86.50109806313534,226.53925288009472
XOR2,1.0363823072062333,6.548329939697144,69.21561381128117,1.5025783679531657,1,20.09515427568016,22.554871627253288
NOR2,0.8102521317178235,20.911953858595613,32.15030243316354,1.7361305518629446,1,81.75084182449287,81.03244410510116
XOR2,0.8091037672760861,24.768572547992076,63.96574222881154,1.8883967155157368,5,107.24495708258955,180.54717914583082
AND2,1.1370358866525925,27.500526134605444,99.16030197372086,0.4992045678865105,1,53.936139152101575,149.44334680178233
OR2,0.824834476370115,41.09967142836562,63.644335093081736,0.7023722712812122,1,52.55443825353887,247.9425701537948
AND2,0.8316236732590055,9.412231557117629,58.02941754681341,0.5718070158002816,2,55.92870560163319,63.363127094777965
NOR2,0.7003266953806497,40.58374113950449,84.53557225103118,0.7944717468363389,1,14.46126742776374,250.20200842880797
AND2,1.1353345170627587,34.95104295713596,112.2204528998895,1.8395704019566488,3,107.58294043844694,144.01832298058625
OR2,1.0962974066045672,28.237669895749008,29.758319254611244,1.2012116258459995,1,104.9560293577587,104.31265471251868
NAND2,1.013664467545339,35.27686564972603,63.54704346997354,1.5078007669700582,5,119.75957200588292,182.3522073319577
NOR2,1.075132881969421,21.188869208631164,40.82407418152627,1.0414241639183501,4,72.29606127231754,108.58045820778331
NAND2,0.7760242837122459,7.781481712438104,94.53542507318696,0.17425287707191411,2,91.38703819190937,119.28634918574696
INV,0.9291617972937877,33.622496773003,35.57245604311349,0.24068751367589092,3,28.30726922534004,205.14782898785205
NAND2,0.8756096936743905,26.70894302759549,91.48077585802446,1.1312952987836251,4,81.7658140957795,166.48776254411382
INV,0.7468882631285082,32.329365226596,53.61808707979073,1.471323385461648,3,79.71927760709993,128.3559688753499
INV,0.9430652426074619,17.56194027039601,44.89168137372247,0.5248213917540152,2,108.63900462178543,91.79730407759672
NAND2,1.1603698251713177,45.436462289651956,118.63525578249853,1.4771899991055315,5,100.54116312649353,224.83136260287304
NOR2,0.7200295595253472,29.78112356020327,26.852457674595588,1.6440516541490033,2,112.92364320104276,159.55309843635644
OR2,0.8457304567468968,5.184721730252818,68.77772718895689,0.894367259320769,3,104.91584936068486,42.666793035937744
AND2,0.8037704681028517,23.040395544517004,27.16269924617938,1.5232681577469172,3,104.89979791336798,118.52154284000032
AND2,0.8190733268328481,38.06144668243808,73.3593048104329,0.8795763066175045,2,12.328182569202601,197.95389752227862
OR2,1.1542172759396876,39.912593524881345,75.10473777944182,1.3952991833754376,1,102.28562456003492,150.88545344243315
INV,0.9340345271171451,25.23525558542418,57.1662471394747,1.5563144527207409,2,74.86001536785858,76.40536392799947
INV,0.9331497064699094,44.84263097073375,38.21617775250237,1.9848220424192482,5,48.75111195308554,125.71796022752243
NOR2,1.0802878212276412,14.11575342252058,62.63875377344753,0.7693457246795606,2,11.499181804627167,50.35383575765772
XOR2,0.7772461020024628,21.11933616467506,92.2262939932566,0.8927566674802695,4,82.93248409832538,219.08829048311406
NAND2,0.9436326770500254,45.031248617879534,103.23958086444591,0.4313657116911221,1,42.743201311826006,279.4373076606999
INV,0.9149926070605299,44.91657910710737,78.07506023881423,0.5036573497953969,4,58.79427047339399,261.2920763551571
AND2,0.998455345273328,34.59992567240936,83.98343944397556,1.42358260488495,2,83.39877026134045,146.05105652152852
NOR2,1.1997788516252192,43.09004680898879,45.06163711246527,1.8440457094904148,1,109.85407290777643,125.52545446541241
NAND2,1.0847244470410236,5.349890080855401,53.733033322764946,0.8618573091231322,4,99.92524529457482,27.28965783782061
NOR2,0.8989328515087136,43.38475383418104,41.189561005235845,0.4581075600508175,4,56.818669846913984,372.2594249767422
NAND2,1.1137765261370234,16.71037542096111,49.92953500046114,0.6559870588400288,1,49.595063106333576,62.261422420590605
NAND2,0.78535418165624,9.738244108982599,47.488678022553174,0.9754972050393005,1,32.57466996706546,40.07232111977227
OR2,0.71523184315448,12.72912198076027,76.94487863912376,0.6664226192068925,3,47.82907638523635,108.94612137709477
INV,0.8022241862321364,21.480456892680465,81.26887557907294,0.5591286762691086,1,17.770334538568306,96.1530289749186
NOR2,0.8702057780571297,13.308408225618894,119.49474208215045,1.5036508388633094,2,116.67713346194677,84.91839796562329
NOR2,0.95529037872978,16.707811714808454,44.557064710152304,0.1347484519323716,5,71.00050605535158,279.261912630367
OR2,1.0075645702706,7.613945817510462,89.1675710161496,1.1337533913925881,3,19.697671921449484,28.720478647423512
AND2,1.155302858607211,15.512661512390927,106.72592689875229,1.6122815972159372,1,45.572691065579164,44.67488046962816
AND2,0.9549270047752287,29.04190691255806,81.02414637830525,0.6205091782768402,5,67.90950151637544,240.4115779144323
INV,0.9506378223128646,22.650831696462134,50.50036525010757,1.2541880399505925,3,66.2818482137,68.39347819168577
INV,0.725121504911491,17.989219300559647,51.25502300200002,1.3775321985630014,2,9.08288740264272,62.14708921051346
XOR2,0.7174557763281119,37.576154313998586,28.92530530709999,1.351446429241569,5,114.34671893634781,351.6845689666982
OR2,0.975579980958186,44.78198859827258,55.54442265484817,0.9581973122935892,1,36.66820336961863,176.4267575648967
AND2,0.9190893066241722,38.08267192221746,99.46036790033801,0.7715666172064649,1,6.861236927167487,168.71003815982624
NAND2,1.1195901974901492,17.26803440376628,29.751775720711038,1.6915372572922893,2,13.791061029282485,40.07669405008485
NOR2,0.7803397923559225,37.47766622404013,46.92952825048307,1.5458783991597447,3,71.72241387351735,190.2557369563885
INV,0.7124858310585247,8.44702894122851,95.6232498531782,0.7239597260181555,5,20.84533487763614,53.41823964713706
NOR2,0.924519383965063,7.385581416473255,103.26515628228766,0.3136760855513474,2,9.798351178152878,61.32085116364873
NOR2,0.8187392783761287,17.93572481477179,70.53184100619283,0.25499818543748204,3,48.657043637461804,216.13655322398597
XOR2,0.7248071866694187,40.577416083158795,94.80743384786489,0.29723883844999976,4,76.61753711912168,782.0997640277108
AND2,1.0622991434238145,13.071064114872792,63.7952168654892,1.2157943990410405,4,17.861577556785424,58.790629407294105
INV,0.7557964999786237,4.0994170360353,40.99132450241275,0.2171248905585006,3,41.03270069740129,36.34801945876686
NOR2,1.0041597500038857,7.453767225111399,64.81494935229065,0.7534225249323921,1,53.04247723682236,30.243164348621033
INV,0.8405248750834445,43.07850345794943,82.99678202031428,1.536015439598751,1,23.337911245478224,107.58623199870009
NAND2,0.786748025177511,32.05538095261709,119.80532818528903,0.6733745530489108,4,63.198498323671664,284.9995561175262
XOR2,0.8898757614596586,13.406857005128856,31.875095208867734,1.555019185098644,1,14.799619993703654,55.36451968817005
NAND2,1.1007228881114768,28.209495441080886,75.73940938449606,1.5214780318292638,1,10.349627079682897,70.62430450994468
INV,0.8960467884522862,26.85140149884217,57.89197782107244,0.5821550093504466,3,64.7810672228405,134.6146501066818
INV,1.0753848246055278,33.1163629435924,75.83116942766945,1.4901856985743613,3,33.5081518663507,83.309655924385
AND2,0.7627431483995752,12.4261901666592,27.397544737653167,1.5258200799515493,1,15.967987908273164,41.157807386890475
NOR2,1.0863857098325396,43.35574637252549,56.30253547015813,0.8672133802540104,3,53.74994756107771,214.15883991294805
NOR2,0.8184666624533243,16.15905954192063,106.9868147527005,0.5155905094340543,5,110.2411850445004,210.97378259893998
NAND2,1.0386965649444364,35.01245104483561,80.39417338546374,1.099989116956714,4,88.28213136522781,186.23526057069265
XOR2,0.9828907774204981,1.7901076722385296,70.05824928161174,1.852227465440369,5,98.79583026490818,17.35517791178062
OR2,1.1645723586058436,19.260199364813214,53.55250717153396,1.3224794569722764,5,105.2701087072432,95.78988250950744
NOR2,0.8936612589876569,18.233781079981608,54.80425227913559,0.445094295539251,1,116.85219026058817,149.19443576138033
AND2,0.7330825944172201,27.63073700056771,63.31014335905844,1.4035830184990172,1,92.7733559541299,143.83159664596235
NAND2,0.7095777427756265,4.564076827082628,108.55707099645603,0.9231416912898489,5,74.96691102304017,38.01625676079969
NAND2,1.1134292804863766,39.71643731257931,121.72132068082684,1.2320741390281011,5,47.02397623475843,186.04308353090502
OR2,0.9623678188307161,11.671259286610859,68.86553813503745,1.5000403858434428,2,25.88897220413735,39.11563713664652
AND2,1.0876220259174745,34.1748529292185,64.33528387477618,1.0881010208471562,2,83.96588550807884,145.39204896663813
XOR2,0.8172128000057572,40.357394038960564,109.65507758198628,1.65028987219782,4,119.4192484040233,343.24535025399564
AND2,0.8725418727566168,28.531970855834142,67.69053206363036,1.47765248911526,5,58.74624873117569,155.0228961391216
XOR2,0.7150519361056594,37.30327712937729,80.20181722956512,1.2763378792348,3,88.22312733067288,328.58978784976506
AND2,1.180746162287056,33.43115529853527,48.094166459874444,0.40349049376482077,2,61.93563174921296,196.57238662380846
AND2,1.0339339533504066,18.420960060448373,99.35025357790752,1.6915843285137484,1,54.67234368679981,61.49619436944835
INV,1.166602543879653,40.6340684126447,78.19883182707818,1.879502500401254,5,52.18514555939024,100.83830688533604
NAND2,0.8327482037145362,15.440367124390871,105.90345502403416,0.37749443276147426,3,63.03183853714523,155.46522246317005
AND2,1.0057318056128304,28.989432969824342,103.07327300286697,1.0378933233348495,3,47.193001114518125,151.75674022167854
OR2,1.039249984146319,37.52448921793543,46.500476827002856,0.6067108349045484,3,91.1089320095079,259.1538337549721
AND2,0.8587748501287942,19.568839580812874,96.56355505577623,1.5385038179600614,1,105.5412830580244,96.40746854238398
NOR2,1.124054617507815,15.835612773253828,105.00544079513713,1.4766637156888358,2,106.53181026419618,67.42541742123049
NAND2,1.1735807314501239,23.507954498468315,59.61072407823951,0.38486402667234954,3,31.18535204396998,130.3880591317767
NOR2,1.1424275588480022,41.08021122310853,42.260911290227455,1.7688112699718777,2,108.02955095412145,130.64001596528482
NAND2,1.0695334879696863,46.566166394137575,25.26321555795882,0.46022936027864425,4,44.27839166333708,274.0197451885595
NOR2,0.838732339862477,27.709087230134617,70.09036530931482,1.6188469682184419,1,40.57038153080923,97.53279432386671
AND2,0.8408080210528158,33.41184406085894,60.24327315388416,0.9791230761006491,2,88.57694660079713,194.5696452533629
AND2,1.181680160223019,45.26040748970679,80.49098338254089,0.7371519118893243,2,40.04007910992328,193.70559855138924
INV,0.705142247967846,5.8287957192341775,43.804109258878576,0.41748981382752137,3,11.091136645116663,35.44209498246047
OR2,1.0580249866210722,12.371850315442087,110.96655476664752,0.43511480155566323,3,47.966043815685424,105.50682200409318
NOR2,1.053123081277631,35.73610030632754,50.775521562810965,1.3643542428376925,1,87.96854404121012,133.36153605138875
XOR2,1.0113447704748988,41.363478633702684,47.642960508765,1.1548091293405864,2,42.6002183310703,193.92965104301533
INV,1.1950544230434328,42.994422388198316,73.0714056484356,0.34952059270431746,5,77.39929143944185,259.5616608381137
NOR2,0.8559397178818626,21.340251665891696,74.88510237442742,0.33187197762405135,3,80.91373609026,241.74400421254074
NOR2,0.8699859318966241,5.377655212301475,46.50852287850928,0.25594388057284795,3,89.37964134853095,61.34044839413658
INV,0.7394697014732777,22.451292387681377,52.18607267259158,1.5182826130622629,4,108.17000362575769,99.09650590552485
AND2,0.9213990682718687,12.305994920145634,41.970523915524495,1.4583383202310636,1,54.744917415869615,43.34498947737656
NOR2,0.830524263117424,15.268626294834585,96.84601783231668,0.22985026280660126,2,24.139688816182563,167.22721334567873
AND2,0.8716933510888221,38.841110285037786,102.0089031254082,1.173307742122309,2,41.676457274667285,189.393416893678
INV,1.1172858951278137,4.700827215268457,71.23284974592826,0.27919117185625697,2,54.69923434500838,20.38655709544144
AND2,1.1677422567637479,41.551479656554406,96.40870226850174,1.8190420487448102,3,87.097518972733,155.95807751828585
NAND2,0.7928665360025928,21.955785205384284,98.59353919374455,1.8253807480586488,1,6.509044439587853,68.42876995707998
XOR2,0.8862544657767328,30.20713262392916,38.82755276778086,1.4326780208486845,2,41.31531909558608,129.975951441514
NOR2,1.1643152810576969,5.392959330548271,121.61780248345367,1.8612351723061658,5,94.68189681722143,32.617620935592306
OR2,0.7309042303446113,17.5305948395067,107.1031947096431,1.645531697177738,4,82.14863588302997,131.89368712759077
XOR2,0.7461802640556892,5.395345031727444,45.448346119582354,1.6776525227428527,4,89.15009696234459,30.481265597802008
AND2,0.7813954946031146,48.11564242117437,43.61650357460702,1.1910507590714745,2,98.3582384855074,271.59779899828317
NOR2,0.9976064170634373,40.55582081698627,37.56611455795827,0.6953912926464106,3,95.07210767096566,262.49371644410854
AND2,0.7752361355029986,23.52200496346655,38.83785625419184,0.5294623364188725,4,83.45106410756948,223.01395108865523
NAND2,1.1840381907253668,11.956524867859883,99.81617990286962,0.7351360414331868,4,55.56107622261791,63.9862997021551
INV,0.9233572636292602,46.73930015724276,71.96542569516235,1.3015714085674366,4,118.1138078209877,197.2893208243272
NOR2,0.9507589801750831,17.885233190621616,103.29341727398672,0.44459428736490997,4,70.44341749285849,180.52375945529317
NAND2,0.8233293079027032,8.888237152681363,99.62548943502054,0.6062436448781646,2,28.3184590774165,61.05546232687523
NAND2,0.9354801262173666,28.59505503424379,85.46127135052217,0.9999544220554731,1,38.673478337050206,108.72323934707762
NOR2,1.0309568163185057,47.24493189689599,93.63666065786795,0.5581341852262772,1,84.75968243660404,296.70185452051186
AND2,1.0755885684770212,1.1876842345158063,26.83557243791418,1.2266500990661957,3,111.3450499979383,5.549877685258209
OR2,1.0769340413549564,12.668117319445939,56.17776468050219,1.8555709334979,5,25.552814858678214,47.703658302014645
NAND2,0.9889455563470442,46.98393438010997,88.78221792594103,1.5264080075218776,1,14.46984701076543,133.5284540690024
XOR2,1.1521798874969287,9.383212376000941,25.93449534862442,1.3728820345999564,5,106.37607052483071,50.73665151761932
NAND2,1.1087039236530547,6.548929130351173,28.29769436825934,1.215516374849504,1,110.25696757497595,17.691811483815457
OR2,1.0785240573493127,28.93917357419042,110.18879824703832,1.037342069403282,1,36.783624711328436,122.51015348695253
AND2,0.7278027608402302,43.23034734144667,93.40248616920718,0.4707400561131602,3,48.387858302692585,437.15874573609346
AND2,0.7034389811098246,24.37838106700238,51.5369733120344,1.8020556562025072,4,80.92161971225372,140.5420805024798
XOR2,0.8062236385977364,49.733648577541715,93.7962840118709,0.5872476837841323,3,42.9419523968846,501.4858042923529
NAND2,1.031761796956726,34.27941327736165,104.24566691392633,0.2916606898469422,1,105.87325145105609,296.941221146091
AND2,0.9055987444412729,4.629670453311939,55.67942831101013,1.530028536949947,4,17.371550812094213,17.478264376278897
OR2,0.9012031296496559,49.648774452416795,28.603737749918746,0.4501572045425928,4,9.36795541042245,358.57485734653
NOR2,1.1422934441148067,20.98681760222933,118.27791246877345,0.8191644791374109,4,28.975913775420793,120.85129914664469
INV,1.1477814240659194,15.082724158428643,59.51798382956305,0.1731756651870419,5,37.90009449357144,113.08399230993811
INV,1.154587632026793,28.336079995316393,35.64817632847064,0.3776877319760424,1,17.986557998220633,90.62292819505832
INV,0.8569390382575136,15.91107199922235,74.18568713931474,0.44562282582863466,2,12.554399374174373,75.80396956323972
NAND2,1.0455279063696308,5.236417848887464,101.84677956641337,0.22229104017033455,3,91.89488705270679,57.71474424334814
XOR2,0.8358165906371848,1.0699888108796594,47.16473146175591,1.3545150784509488,5,23.891805078759596,1.0
AND2,0.7953049165372248,23.029584293092853,51.94900501333633,1.6935746561098604,3,110.10105289262496,124.3808418369637
NOR2,0.7923162286736846,42.00630768910302,49.27149867985832,0.821832963967969,2,47.31996106653104,251.6711485039997
OR2,0.871053810431797,29.043444095873753,124.16730528316782,1.7642037762302172,4,82.11966811795472,183.02144268046794
NOR2,0.9149788098899108,49.9611576482286,44.740373373054254,0.5210915601730378,2,30.921243198412025,300.08610569255603
OR2,1.115474585527534,15.055485636712799,82.5520216966124,0.7317339962951301,3,32.637118376564686,76.7026610463401
NAND2,0.7599455467363561,14.74229817324271,117.52646416569644,0.40338554689859657,2,71.09155832977116,147.3592434807086
INV,1.067462923697447,8.827723551463267,39.68965688777792,1.2866512873877174,1,69.4739363917884,7.617308751738403
NAND2,0.9657274570946526,9.039115825001424,122.08541978677002,0.9093548308361769,2,93.40386122138935,50.838952802783105
XOR2,0.8439726713379962,14.974143204492343,119.74772343956246,1.2729726920627695,1,92.14853015484059,111.36323920417362
XOR2,0.9464097922664123,39.84916221840283,113.45719870582626,1.551948822141065,2,82.12909293632103,233.3559309201421
OR2,0.8499710348885112,45.38208274118595,46.45565213300023,1.145921670141943,1,56.65001507775146,199.51018015874334
AND2,0.998040977619153,48.77927131567638,88.40550560109833,1.2999450672153612,1,107.42364442227097,211.17317385054903
AND2,0.9169219614276221,12.38219305072618,101.08914729612401,1.8782705910613458,2,76.59652637544936,49.0855747814135
OR2,0.7822027645394394,44.18357973509049,123.60279281964297,0.6822409020646251,5,118.87282640317108,589.2734413642133
XOR2,0.7582915372778483,17.084499374589516,43.04238220813704,0.7952282046318319,4,99.22752906245124,187.2954657980743
XOR2,0.973347841036065,6.529186681327336,101.60258995192964,1.4692823200135534,4,10.095628292407516,34.3119684483981
XOR2,1.1512065166430516,43.63122135048812,58.880116992711294,1.269254372064127,4,41.868299314236545,208.5284844575744
NAND2,0.8719788432788427,32.16917609753731,42.56264655680023,0.4556418605346638,1,70.76570739415945,202.98809889889844
XOR2,1.0665000536113116,9.071813907972025,67.1376941213855,0.8271569428197215,4,87.96899685522102,68.23026601843051
NOR2,1.0293306774698834,22.061731618137124,104.38359121486164,0.9995354646744641,1,68.28869724262327,103.32116198984174
INV,1.1657774571547406,15.075627048976315,71.48498037040521,0.908452895380572,5,95.4049985831509,61.70850771105215
XOR2,1.1104905086495704,37.10293386679965,78.75231002030485,0.4551566396454367,2,37.505400067094634,267.6255951133787
OR2,0.9833026294527314,23.217395300589136,124.51594102001212,1.857928572554413,2,26.149885891774883,77.95386263145257
INV,1.0285152491170537,49.47471731021286,64.9109299557426,1.5531592719846745,1,11.200418635823562,89.11602525129338
NAND2,1.1491932332920174,3.6825041307201607,86.54007547092398,1.0249489643627623,1,70.93108062572503,8.366513072449855
OR2,0.8997593922934674,18.395748040676086,61.524420161537186,1.3985147332168526,5,84.18894487768195,117.22987747893325
INV,0.8633973529288886,24.613108188388892,64.2785646328705,1.8068914236147808,4,42.50721746872658,70.74975283675172
OR2,0.7054055418175982,25.65354418266767,94.56407534454081,0.3760073876397539,5,75.56218125842581,410.46025617588316
NAND2,1.1132755370957321,16.480855296896202,118.78869760948835,0.5907013353291181,2,10.998081548132863,70.48752944383368
NOR2,1.1004903502016825,36.73277220578083,79.23589504923214,1.1402783448424927,2,16.418734824132418,131.46848079585226
NAND2,0.7522272590500756,43.862606600959765,101.83999289487798,1.6221394981424342,4,85.70179880972731,268.34929253864124
NAND2,0.9884286905663501,46.99724579691529,33.92065588169638,0.18815920343007148,2,47.328016099989355,402.7748281305833
OR2,0.9319908490834437,40.449575463176785,46.11580374319269,1.9699541223691577,1,82.20341357684565,142.86392813750297
AND2,0.7593545477545557,42.67842966802337,75.21316409195325,0.9752244134189065,2,100.64792883219057,298.76607836785917
XOR2,1.1902841135303617,27.97671973037978,27.00117236287748,0.7953545443688392,3,103.05158030975345,162.9455935823135
XOR2,0.8073479437316777,41.46852309491391,50.28549787625588,0.670321943138771,4,24.79927922841186,351.0557819476567
NOR2,0.7336170900452805,15.87169154824966,76.74012898249661,0.44779061038363865,4,60.92284082040485,187.357517095085
NOR2,0.9974236897509547,20.525459343351507,26.49611982563007,1.6081589487884522,4,89.40157321773594,87.91223012882033
XOR2,1.0694333385665162,16.528737677108673,51.45462862260417,1.9161786297226613,3,94.0077685706947,75.38584002417906
AND2,0.7162217230235934,23.901979436948345,76.40308194758695,0.8976521391093486,5,95.23773778382092,224.9184299393947
XOR2,1.029358819363511,14.993401195693181,82.31492479812457,1.9105509061364976,1,31.239243453767212,54.96486042557002
AND2,0.9661459379757271,48.11896067046789,117.57516930553055,1.668739517017864,4,27.141504038233933,204.0992793970735
NOR2,0.7516325044375242,16.32938677227774,89.53456232506079,1.0243761196554784,2,72.85143385147504,108.83865209497094
INV,0.786261938473181,5.804182367436051,66.47358025299937,1.3871692167571295,1,90.22486673989526,24.89539957032812
OR2,0.9839871486580403,26.814041136470255,118.03511771330678,0.9377702568404703,2,41.70104428643223,136.36196030334432
NOR2,0.8481788067566441,3.797854843813642,103.48829833877943,1.1704000074395984,1,17.041093039178477,16.16989520571752
NOR2,1.169157864325658,6.416615149120446,45.00089211127476,0.22912711359478716,1,87.42583403465892,48.50551531098729
NAND2,1.1093701147420254,11.750080070616068,38.08423613488198,1.4289753335650022,2,39.465250608700515,32.0110245778138
NAND2,1.1917836032568314,23.753162244224942,92.58116357427329,0.219310331630177,2,24.131713295848012,170.55249694809643
NAND2,0.8298354194752069,22.229295683142368,80.98831655769838,1.656119700208941,1,21.98820576567014,72.04697131849551
OR2,1.1848618163989886,40.18490123813677,103.96736137927557,1.670900227385848,4,41.21459796557237,150.73689719014018
NAND2,0.9156169348957789,37.234258040321556,98.88050500786865,0.5657053006056835,2,73.15797758008073,257.6540287442079
AND2,0.8737593976568773,21.889596405544363,87.5211533857515,0.7284860283473045,3,46.21625744978891,146.52894561253433
XOR2,0.7251747634846766,17.351506171205866,123.63821716288922,1.0248635116895912,3,7.376112933244633,138.70641788962047
INV,0.7263826289298012,16.50697041901343,78.35897301104086,1.2417262650330652,1,16.144469987948273,59.1182969902739
NOR2,1.0460056279733272,38.92575927740644,36.310575650171984,0.6602248840749538,5,38.407873427841196,241.34309532857944
AND2,0.9289644972170139,3.5515479048422174,107.82735648159884,1.233874440708019,1,80.86601544691557,23.932647634353742
INV,0.8132608130180528,1.6282608260196856,50.1853362345709,0.6798396976710819,1,16.32923344888139,6.98547868323222
AND2,1.0069851531626162,39.981675204405754,102.73021481439183,0.22432255561359407,4,69.47553815257841,517.4483182391918
AND2,0.8264290591250556,24.380172423463417,120.71070960000515,0.12475179368398882,4,18.78687514476049,443.05516090681084
NOR2,0.9888158771722113,7.413175789125223,94.67955139643412,0.31016398888664576,5,29.33576264517887,77.12344652104342
XOR2,0.8796043734913451,12.542730795130561,84.6030160949801,1.6094313163083542,5,24.801680668912716,73.18104876790518
NAND2,1.1117761133059094,46.692693701771745,71.03861756750406,1.9274908672806736,5,12.731293090643206,138.69238735104273
OR2,1.1103480803833896,43.11564580562,61.440986599540324,0.9226964546486922,5,82.20292899945788,266.1715285431793
XOR2,0.9386751990612006,35.77946746097465,60.30047509718363,1.0838458324858924,5,58.29140794939397,259.6595604973182
OR2,0.8754095546675078,24.629036286529,88.63727057095906,0.3960745578580411,1,100.57114570319389,235.00833967738956
NOR2,0.8812798982795472,26.4958576833779,100.12731169377459,1.155938943038695,1,16.37244659796645,117.38628447305992
NOR2,1.102857262834109,48.78698222891397,92.85170694844143,0.3919512157731164,3,21.644287333878307,333.2124167001841
NOR2,0.864089741398806,48.32275175033007,44.84101011935627,1.2690829426538004,3,40.24263910530182,219.40300528824517
INV,0.804529686853423,11.54818324350588,74.39871801434911,1.8745262950520052,2,93.07458849796294,27.10331466018092
OR2,0.7423441709376534,40.74412374896059,104.1640072183063,0.4879132538897144,1,40.162264662905365,349.2902470148339
XOR2,0.9333465604422042,10.664890642183824,72.57040781890562,1.5573797899473516,5,51.968151362349644,63.73804066630941
XOR2,0.9410660494599209,11.463336416313618,78.66232797354938,0.1641845548984492,2,39.68441012417392,159.68781899950883
AND2,1.1204543552014536,34.128558674064266,102.11360481708222,0.8259348136846474,4,14.225793557118447,163.93128269819948
AND2,0.8106193482230319,20.845053830789873,91.12653062650915,0.328207194721357,1,113.03486663306155,228.6917070665377
AND2,0.8904956368341999,46.64567594821949,65.93449208823927,0.7826538301999149,3,68.08198408818672,298.6990711934609
NOR2,1.1042028694468455,5.361477009904433,114.54127111942189,0.446249408921101,1,95.60081664133213,35.00855444608941
XOR2,1.1118118053744868,26.064756399665157,41.256706866347855,0.8218133814310283,1,80.71106560130904,130.7972851588908
OR2,0.8923055379893841,46.007554991712944,124.55164485903248,0.904942875482157,1,64.13924209212713,274.08502081948086
NOR2,0.9295620116433404,45.30156936349575,36.88525784762372,0.6851113108281265,1,15.312999515828714,200.31675064268643
INV,0.8516429454246415,8.66993145737132,26.49499711042389,1.3544492650094826,4,78.914357706085,30.141697553551335
AND2,1.166277439209656,18.96524730472637,114.00189011487647,1.84744185636675,3,22.867590932735695,57.32759566238941
NOR2,0.7593218828707902,31.336948602288118,49.495350836595605,0.873119303317912,1,52.65406447597181,174.61777812740934
NOR2,1.166874711500735,8.810349353798706,97.96996274467209,0.48160513417304024,4,77.34801150024948,61.3656947842441
INV,1.0419332259176715,48.4330864302412,106.10153749320693,0.6289587854084486,2,94.95633505429419,229.28736741347433
NAND2,0.9657860763433656,45.82271710765536,110.89863910321168,1.7255215481731736,1,83.78019520649124,168.2065794368398
XOR2,0.7163295303922479,9.18055877268899,124.15942356641668,1.194682679747878,4,82.22635584128231,93.77394393896824
OR2,0.9377980959110042,6.936617601788286,54.40397100399991,0.9754207407370796,5,22.139854055148863,35.080750480822296
NAND2,0.9038740525013661,5.185015657605,96.02433419272592,0.4013170364367822,2,44.80478210823261,34.99084521486916
AND2,0.7806094059875612,45.562739537794926,36.53998582808282,0.96548733964871,3,9.934911355922328,221.18349552817918
NOR2,1.0282048017503285,10.48756667997758,65.68092913568493,0.6435649663118869,1,87.73984271529342,51.494782055361505
INV,1.1855754536841427,21.397961498673382,109.79716933125904,1.8931466803642965,1,114.5473878515032,42.60177123985015
INV,0.9810944055322626,22.99371691694815,61.76580460591084,1.7820518057015746,4,35.37269487059371,48.688272995574486
XOR2,1.057376638221973,30.35154116646481,84.10953805356141,0.27773677863701224,3,15.085121553665571,298.15900737339314
NAND2,0.7342252262830083,4.515031843623823,75.37734437246341,1.0913085598111365,5,59.69055882667016,32.08978612805427
XOR2,0.9088334979084973,12.111172252625282,89.59515311120451,0.5431096895675834,2,103.52029565967041,127.76240252617129
NOR2,0.7581792425822479,46.643028959027376,122.28943893876949,0.8922609283056663,3,68.47703245625466,397.52373808611054
XOR2,1.0063979177682552,45.51209525615991,30.57355265014021,1.768474236712738,1,10.37937227186303,127.7379608468339
OR2,1.1692410791070773,39.28324172287892,82.39615175016297,1.1117272973904642,4,117.0413076607138,225.443781261273
INV,1.030888866235819,1.9506610352925562,111.30287792502848,0.7483247515370285,5,100.29473964569908,15.524701015174372
INV,0.7384015241572107,17.023331656309004,73.13827117484276,0.5108301057173944,4,20.13331886092367,104.4659309096153
AND2,0.8773331024925414,31.76997803180248,32.85271859415728,1.6246107356841997,2,111.00674199790353,136.5849491704038
AND2,0.9753316897204257,14.484320376900309,81.0539352416771,1.2940938688849726,3,56.82915318959669,64.01198652056331
NOR2,0.901603878066626,45.56974805763509,58.20738908238204,0.9999630656013146,4,47.76826891611824,264.6877550591327
OR2,1.1168220052375861,32.060583629789654,40.49417853379359,0.5288705852623987,4,58.02113301062665,210.49529358768606
NAND2,1.1073355023549944,4.523429148505834,109.9034513283473,0.7483831834154069,1,100.97577504015892,21.241969780754637
XOR2,1.0059155100516106,45.54127385294945,77.15995129911217,1.9245056422684148,4,80.84016300298036,243.7645062748241
NOR2,0.8867289725663525,47.930566250634904,118.32764123790666,1.0977690826989686,5,11.813572025968666,295.29161308027
AND2,0.827668186881622,4.807908501194549,105.6016504603069,0.8733146487373155,3,115.12450267835966,40.47870971233211
XOR2,0.7529371591065646,27.08565150820443,94.29717937736673,1.1002734396148488,2,21.99517535000654,188.20381878267608
AND2,0.877448841743277,15.864849828494352,25.502550336531193,1.5844983910912642,4,90.74031444956537,76.98222345702625
XOR2,0.9065862586038598,20.249114747588717,67.782345663825,0.7594048006253933,5,78.15570099923507,193.60611023754242
NAND2,1.0379114625520367,9.802909679811753,44.74862816520323,0.4559675073533046,2,26.5657255138545,50.77685761353107
NOR2,1.0290799121487866,29.325532998608214,116.07979110488678,1.2196799024774099,5,24.634188753000707,165.6410902085873
XOR2,0.7350540698206285,47.94098830919564,42.45839846763603,1.3705837145444062,4,105.08767327603958,399.4647414028191
OR2,0.8976296577155789,25.650557413308842,53.60600516592855,1.4599098455620731,4,53.26491620245367,131.80431998697446
INV,0.7908894336086809,5.062814488329577,76.68367677344992,1.7781366706403237,3,80.27629913002593,17.953346308534613
OR2,0.7784063526584029,31.38006534039301,51.336361899807926,0.8178073468955325,1,62.96816544351742,189.26273446903213
OR2,1.1136510748686228,17.670926728111596,45.986467727912114,0.2616672049103166,5,88.64565446373534,199.0671208407794
INV,0.7209576083581287,42.94033428997359,84.90993251027524,1.9216953372261714,1,60.11287312952301,122.68316818862195
OR2,0.9095914379510606,22.29922926750704,33.89295227550239,0.9378224235824533,1,38.048690254390365,95.0721430863608
XOR2,0.784101827883259,10.449140838170035,30.81677587209247,1.2917241181854868,2,46.78908766459709,52.007784585202494
XOR2,1.139665107839237,10.364175511866103,62.22452951860714,1.3726540074811895,2,103.79393486178941,47.81066640733197
XOR2,0.9785202566375175,38.669444855336856,97.06644545078623,1.1474457723582625,5,58.823989686113606,294.9713934398135
INV,0.815690318188424,14.013792317060634,80.4806758273948,0.5058841559041878,1,29.546673208130066,63.22663059149287
OR2,0.9512136435831882,38.59443631380193,67.28764684667789,1.5396689342183458,3,112.47961962888412,199.02430396292235
INV,1.065743179851558,11.08847822756337,81.57515642245824,1.6310537116916735,1,96.60905249731336,27.598966794761548
XOR2,1.179059004459717,16.762632066364162,61.54514846532736,1.1595941017127867,2,11.4016067964629,59.327293464964406
OR2,0.8102230021227095,23.80886164954527,118.61463354321128,1.0384949818995022,1,119.87844062775955,171.18782240661196
OR2,1.1430908860646725,47.21659663497908,30.490489091077432,0.33420378428061237,4,84.91657009061177,397.05314033396115
AND2,1.167152057083745,46.65483981293741,92.33914790298353,0.2778291236195936,4,23.430658889667498,388.24268936145796
AND2,1.158210272266033,11.136721895692101,114.12826648277505,0.758381909659434,3,32.27428334933859,56.583359814636324
NAND2,1.0177071784309548,18.552733020910566,105.38847087352534,0.7043907723726993,5,84.6312303427779,136.29335463554295
NOR2,1.0149103272173539,8.320570034234844,43.40410348214468,1.9128741278109498,1,94.67252135709903,27.516664699315278
AND2,0.9016053165919113,25.98926888636136,54.592634898028834,1.593210755793648,4,32.489133462227706,116.2693205435022
INV,1.076198941151894,23.568544984038663,96.70479387071047,1.3606576750870325,5,34.551418198416144,71.59834736521384
AND2,0.9656470091754659,45.13724796008589,33.427055918076555,1.0931784073530975,4,40.318879910286995,208.6440154821307
NAND2,1.0387190356141471,46.57026351176256,106.18616998325841,0.4346509577661045,5,73.77211195621322,427.49775713749926
OR2,0.9142289519243977,19.794802159357314,96.89069446047903,1.9594985437064536,5,24.758860504646847,93.86525014533684
NAND2,1.0657482320215694,25.095159207930482,97.96066492353425,0.8250765126915948,4,16.987967871749415,124.9593556340937
OR2,1.1122357588022744,44.91557620816052,35.02413702675914,0.32102013260082024,2,83.06937024483406,337.28573340027464
OR2,0.773218128301408,40.528682579508015,96.77605448162309,1.0483419239456027,5,94.59626307621456,383.43169089142447
NOR2,1.116464857787114,1.1791592558878146,92.981812521997,1.7631162618325964,1,62.60688150789813,4.014082116534097
AND2,0.9701482658951536,16.682918644995542,108.09224908218505,1.7881070833413792,4,46.84076168086432,70.26249415846169
INV,1.1223329545451122,21.66693785487017,29.15959562564695,0.14061592218612085,2,54.684912055544785,143.6265068191707
INV,0.9156508531705072,12.256097900478354,27.31106684677922,1.7862360001326314,4,49.666900895274466,30.752507157744926
XOR2,0.8895202426915174,10.779009178901,62.300709987856074,0.630390328899734,3,115.39826444733265,116.61458841787145
OR2,1.1575303662586112,2.8514408231883035,39.87882838491529,0.19326804426063537,1,93.33033910020113,23.088093090886318
INV,0.8255846337742005,32.525116528418266,80.8384477570222,1.7138457082822036,3,28.93002970776268,90.68107335471298
NOR2,1.1221061626430715,13.863004233675117,116.73489015067489,1.7440695012578316,5,49.18175248620771,66.1553997486056
OR2,0.942010286254702,3.5650117431343413,64.14797303340157,1.240914430103618,5,67.56141350675763,18.549447299514117
NOR2,0.9570477212756299,12.317986215875118,109.49503772726041,1.1999354637171538,3,75.49337413732417,65.55956048685843
INV,0.854234140744742,40.2937836889702,25.02408745178665,1.6486661125282684,3,58.841148043308216,112.65488455576671
INV,0.9865211003095078,42.72296990068079,41.85146434591842,1.598261959095326,5,98.1645630263753,149.6699648161963
XOR2,0.8626055981381056,24.67024601447183,28.042353965408562,1.7933982900722836,2,93.27469223769664,121.83715485234258
INV,0.7196347071208261,21.38746285002562,57.814718051506865,1.1591652014818024,1,63.09316064223918,74.26854496393209
OR2,0.8359993026721779,48.91483098158731,115.81895956965027,1.9391765343376803,4,103.259379479899,312.4668675181323
OR2,0.7031895217032953,10.827668319815425,34.695212359898775,1.9927560421546762,3,91.37529600087439,57.01021847365127
OR2,1.1891773935284282,11.552604859875816,85.64097767438004,0.33910386679742927,1,94.53691260287398,91.55639090950999
XOR2,1.1828736049098736,15.301491674783588,70.14959391194442,1.7171422679617494,4,114.98608963484291,76.72063344616625
XOR2,0.8975776487361524,9.465108595773279,118.84682123658125,1.0596658445673472,4,35.64369823905831,72.32313207522913
INV,1.064185427169823,19.588914312005144,37.25191425370939,0.8486247160036843,3,35.779538672187655,58.64844878126448
NAND2,0.8729030492052124,45.630877122497935,46.20278505022289,1.272575942579504,2,107.22950940442361,207.57016966096577
NAND2,1.035546578542988,31.15204419080014,27.954196861149327,0.2252152476525732,2,93.80603293935313,264.2317513264306
XOR2,1.1027150215229895,21.18538088200092,68.39352496313738,1.07214690328211,1,111.55273726509715,109.34316427878117
INV,1.1733781223461204,46.786128933989524,52.78328995646543,1.7572742716501333,1,12.259968437312102,74.42185067988557
NAND2,0.900106137924836,3.3747473913152937,111.99059338903209,0.5213076503412614,5,77.19206388508361,34.0997838866166
INV,1.0916489914780239,11.303532717191207,85.4940813197755,0.9216130021665192,2,21.632258884196457,29.39105974789056
INV,0.8329642253160594,28.72854164998619,86.40907379757017,1.8862240689039658,1,62.948177803647,74.46915927173292
INV,1.1951661518968242,31.162078536465778,78.19106968813024,0.9257000150747109,5,22.91089716314609,98.52706274270855
AND2,0.7128847993821755,2.938317821568044,34.185033722920096,0.7937311487849088,4,19.729028533261115,19.656774086285214
OR2,1.0017644032505604,20.748899137449477,69.50186837253553,0.948208898471951,1,6.3993597189338125,80.97782677408047
INV,1.0297529908256635,32.808544276712766,124.95051897085165,1.0965712010530058,5,77.477463424034,153.1128709607951
AND2,1.0440227785370644,35.20545677376668,108.52292908460149,1.3081437269671614,2,46.287600919359896,137.4587165478214
XOR2,0.7601937893945445,32.268855223297194,114.34590541671159,1.6253024657234545,4,17.096652761081746,220.57331220349275
NAND2,1.1692648917365651,16.707597993685305,107.32263592464994,0.9699521468369108,1,42.126344439100635,60.54093616181696
OR2,0.7905916395250414,5.582486056297566,35.304169343098266,1.6568641579694636,2,24.428570516932268,21.26587084555812
NAND2,1.0113767016199204,21.92850987454737,47.74482540647996,1.1233948433419114,4,113.29490562269083,108.30880753072617
OR2,0.8113380395615424,7.308967431034718,25.312165135640964,0.756343359491798,3,41.800561862555035,46.76936044930292
NAND2,0.8536082085106353,47.433559267512685,55.35101248781115,1.3569475568644986,2,43.40465517827984,182.63871835364733
OR2,0.9732292708640622,24.283372435108785,35.860740234649256,1.4693178389177637,3,101.58367039095235,115.64025038318745
NAND2,0.9085967092822882,16.54569954348651,72.2793345301583,1.1691320741834366,1,79.49191254789048,71.56522818507788
NAND2,0.7801128004882532,38.5488994848261,92.7127488573902,0.22643614949328,5,86.66973485134515,659.4416829062797
NAND2,0.7854682012104242,25.39948103653093,112.4505295038077,0.43937980530235077,1,78.14020745873046,215.7438898652983
NAND2,0.9090723940813998,16.191667176610054,99.92171650908982,0.656359715273629,2,113.81257265408502,126.62375439244478
XOR2,1.0786414891377503,40.786419377149286,118.85855957785051,0.6513361391888071,3,28.805095629175195,298.65093781717377
INV,1.1489823234238943,43.49045539905498,30.38982903937888,1.3860311044641165,3,118.7395128019165,120.82150904276507
NOR2,0.7420638311296914,33.97740014814517,26.217983541654142,0.15449548394642926,4,100.55996041899901,662.7885141640058
AND2,0.8965519537797004,3.301256697975697,91.13381138362126,1.5406817408530973,1,72.73184772077936,14.686948403739464
NOR2,0.7501227818614382,28.74982112816007,53.93524102222462,0.6188438526370343,1,81.17273680556863,216.24428534214752
NOR2,0.7082962403162989,38.4014506878668,50.35010161057731,0.7028410708862725,2,79.61497579757062,307.85635773411343
OR2,1.0308593413219782,7.688647592095527,58.08870876937943,1.1124704765345776,3,11.7155657668027,34.24075210530286
INV,1.0012247209832938,12.204866817845565,51.979605789236416,0.5259401297652401,2,30.07189733117294,50.07804053031608
OR2,0.7815095569074431,44.24226014833869,76.14364063015873,1.7828060695219916,2,115.56915172034616,251.6347298153816
INV,0.8169064165465321,1.9859643708006278,69.01484472241324,0.2804933051339427,3,66.45190931882861,10.054085180104831
INV,0.7118538768222591,37.883629753472825,76.24285513766563,0.9554388411260019,2,48.51066437511988,165.75301965346742
NAND2,1.1174736028472019,24.214891333206722,92.27136115004362,1.716913866575193,3,92.63442328974362,94.70833710484159
XOR2,1.1873452980242756,22.891835783140735,63.71305089711483,1.2777865215119233,2,65.3196784054181,98.4577158416164
NAND2,0.7677297683973454,1.3477300922494715,50.13076871421568,0.6695794897841508,5,6.513718714668223,9.005873408242007
XOR2,0.815737606882649,41.15051331735815,41.62005368087455,0.9110291906197461,2,89.66732362223856,304.91055959533924
OR2,1.134204761973467,18.631420131191756,59.94741195326255,1.4485854350439273,2,89.20501940607905,66.36852866802157
XOR2,1.1632318989780923,27.497515933726604,99.1806475246172,1.9497301975241306,5,23.992101892647057,120.73491378772535
OR2,0.9098136914034052,34.18773363044731,100.67049101114695,1.799100790553335,1,115.01591016878453,158.31713240544352
NOR2,0.7253112361345371,35.428849245457876,91.69053866842103,0.7637736797588683,3,30.749435127228146,276.93261855108443
NOR2,0.7196959168464097,47.84302288247754,48.40281753068746,1.996612013061172,4,57.64117724895292,246.86748064415931
XOR2,0.9869749330345052,27.035657708593845,83.80862458546977,0.12658876743838954,5,18.194635545005188,504.62529776419746
XOR2,0.8964475544465895,20.58625799774695,82.0689661576848,0.17194394091982038,1,74.37746673681767,304.3010631394049
OR2,0.7143262137888272,47.73147769809369,73.42661981097255,1.6688201685218442,2,48.17687880657944,243.14599890249403
NAND2,0.9916261961562783,32.463401516250535,79.99789863838642,0.49498985124613776,1,45.61494815411613,181.60995077390808
OR2,0.7056512682945112,15.609367457551226,74.17906326236681,0.2342462245849328,5,100.10234088040893,321.526273812693
NAND2,1.0936859790746365,7.196748024774987,81.54563660741083,0.5658383776846242,2,6.099596977804998,25.318541750902163
NOR2,0.8532164113516858,42.285170571793884,96.55059546211288,0.9210682894840171,1,96.76387865262859,266.21973978826196
INV,0.720129001504616,18.746898536913427,35.96281944034397,1.493464588414801,4,70.71658506102905,70.31636133081814
XOR2,0.9941761104915766,33.36301634685713,99.96257521490237,1.2937507899162664,3,118.4013290502229,226.64533030316275
NAND2,0.8988422072165273,24.07000454892901,38.58861501275942,0.5667278890135904,3,72.78597036948864,162.02839892720675
OR2,1.1869002066785748,10.74755920995688,31.66279984103747,1.0661484424290986,5,11.36860042701516,46.78673473566576
NOR2,0.9720993312518511,30.48264382240279,122.60796862214676,1.8612825181493091,2,10.824212541028528,98.56097467691065
NAND2,0.8376195905185041,3.9734703785834338,120.69917688704415,1.6522146207294643,2,106.56259343276068,13.232546081030673
OR2,1.0547194323169873,21.25378053368842,31.043654494056405,0.7275967954837715,3,101.7396267337711,123.52988529172782
XOR2,0.8357460012713556,27.78413204351988,69.32534414749621,1.9666573753487089,1,44.77735869193267,112.12047535396765
XOR2,1.1521216457037826,22.366301731810374,43.624493829977474,1.4522063528180462,2,76.07373568083078,96.78814680528146
AND2,0.8873609852536881,37.68493658729855,73.53448971344181,0.23740478865354975,4,61.303006061394036,478.56993395765386
INV,0.9749342813881026,41.56832277272031,108.01772429995874,0.18610214098264072,4,116.223866340646,485.0902253176097
AND2,0.7252865519121143,38.79091062762573,120.06117747428902,0.4366069441388563,2,114.24550360084253,493.40689540528757
NOR2,0.9130606189761153,2.9018344427783034,88.42526534515373,1.488369031934276,2,118.14148598218907,20.5767989632322
NAND2,1.1161817698304974,10.512309751852639,60.390566721181706,0.4654291805837644,3,104.64160977294038,69.08631829934467
NOR2,1.102824402681671,27.29376795392494,85.33255656445984,1.0815951261126069,5,109.59843293913664,174.5958510735751
OR2,0.8121592794267631,46.80627998174626,56.20013061084504,0.2953290259399637,3,29.987059558220686,491.96731076760415
XOR2,0.8130395355052813,41.912881977553724,115.98236408320604,1.8512659767207666,5,100.56578073382407,352.74745993955776
AND2,1.1086526561066183,42.28419090923828,112.04004631058369,0.766645953537107,4,86.51856801849159,290.49944628601946
AND2,1.1651992100846627,15.85720149422407,80.8231750279661,1.8272882663339858,5,115.72044851522807,80.51592388696368
AND2,0.7476804606365017,22.042946956856426,57.47989153803606,1.8963662067918232,3,70.69511027090124,105.41805911883993
NOR2,0.9250293197131125,24.064591418480934,54.33896755829784,0.13152185694971988,2,14.79422417171398,277.3320846083889
XOR2,0.8687271394821144,8.71120758414561,28.341799470505947,0.9925741519336162,5,73.70087248652258,71.70304188762348
NAND2,1.1353442277287196,2.5223383819783596,106.58208510252952,0.1663533847289586,3,83.95680672244809,32.37911098668597
OR2,0.7417624573400093,47.39824207356533,70.0383213039008,1.8283424006494629,4,30.336918301929256,255.23923842008236
NAND2,0.8055629712790187,12.79491669751183,57.513292840026445,1.0946061841010026,5,50.323039103963765,77.39088520840602
NOR2,1.076234168793247,12.757496282457934,72.11103549977538,0.260894743873174,4,73.8278926159432,135.51046749751012
OR2,0.7256469244906077,5.085573634669217,106.8737990454652,0.3273202491599457,4,48.02215979139814,80.61361346216182
AND2,0.9462676903571445,46.49687984524515,37.46142077075212,0.8409969660463493,1,48.11898748244635,194.97053882365614
INV,0.92105351733986,29.407118632048828,110.76559882418273,1.8876402826010321,5,20.3049635048717,93.14229578601993
NOR2,0.8672005894943743,33.68480599914234,114.7508835108354,1.4226692049479919,3,113.1858731539316,220.20602827349663
NOR2,0.8972861576594618,45.667267475889574,119.67079150338881,1.7511234684355688,5,91.3068542169361,294.963551950246
XOR2,0.9649702934651164,17.935388276138685,64.74879924226278,0.8089384951191617,5,5.142995469601731,118.90926041941775
NAND2,0.7806836791941916,31.45385824576612,46.714040403767186,0.20124175515399684,4,93.045527662549,470.25937950359577
NOR2,0.9859979391417963,2.9011732817154856,62.36408184666985,1.9517171579442985,4,90.07642415565375,2.138916482440946
NOR2,1.1027161646499932,10.151853883325337,58.291209623140325,0.15228522244525475,4,6.119060417885144,103.71377324489114
AND2,1.0800804648950795,41.731044449407186,42.615391250286,1.9015851077924473,4,47.504494225582924,139.32826616331016
AND2,0.7769499523468868,38.57164946057845,85.72666701014879,0.813113556836392,3,74.77598438743603,300.31364778322046
OR2,0.7746247348707369,18.1814918814002,72.66241605086289,0.13896996144113724,2,57.06632496367413,302.10408878568353
INV,0.8340871838724566,19.46372076093641,111.57009923240037,1.4156155956420755,1,94.46840365285834,74.34759653330623
XOR2,0.8805373631705186,27.144167244125395,28.210958048205825,1.9634157715789458,4,53.92770825295991,130.04012467314809
INV,0.9042277907042413,1.0118092295715928,89.38679275551263,1.9353763589346737,4,22.69424148719126,9.563736372141754
OR2,1.0398486084166727,12.820972465863365,101.29488785115612,0.42256158106054664,1,117.28779679149028,110.43214966619003
AND2,0.7283402160829177,11.203358621802508,100.94865691883071,0.46074587540437134,4,32.83459916924536,122.34952784861689
NAND2,0.7173363521130331,13.273664390738409,113.60739670955252,1.1832131594849609,2,87.53461571225321,94.94231208951167
AND2,0.8959552814719545,40.489386284138625,97.9033742829494,1.31813307368525,5,21.462975841368273,216.0251314512258
XOR2,1.0485818460689902,14.704018970775715,117.78100616476964,1.5101056776918274,1,42.83645058515226,57.62528142235016
AND2,0.7967176714782412,10.38454478045726,58.26565998208915,0.4603746776876373,3,55.833174969498735,98.13847802013427
XOR2,1.0207522406281258,25.708909578858545,75.3209416751543,1.9229333231171366,1,27.10668052061235,86.5019576829142
XOR2,0.8299140689701496,43.41660678226386,26.407966328289067,1.3208298018237672,2,56.74535128239009,230.91326925457335
XOR2,1.1430430544067582,12.826135488037494,25.69575873032912,1.712448207476643,3,23.07372464405125,44.882920099469004
OR2,1.1478449721333082,4.848275896847136,49.01266204515199,1.135323544734243,5,69.28575198337737,30.80193814577517
XOR2,0.8486436021406631,18.46383205663357,35.08071971390853,0.8988404734689792,4,81.3270240398223,148.2051620977411
XOR2,0.8149968769816203,37.634939403683916,51.02113679357536,1.9571038643985923,1,12.179942663221238,134.66930437277074
NAND2,0.9056519860331156,27.983836690044935,42.70432945283974,1.2143881771412917,3,105.18019392444933,137.8457075192416
INV,0.8202657925900743,41.02287510914302,27.852002483864823,1.7497223356624563,1,26.291201779834086,84.2153092403465
NOR2,1.0361919216458517,48.020015232852465,115.93041464060494,1.912189705168625,5,30.916678911837238,200.79125890447997
INV,1.1130323422741428,39.84046136082924,25.822313138889154,1.3896666987762794,1,81.05523160955224,81.91477182520045
XOR2,1.0365460654556085,30.586350863343917,98.60821443370854,1.1520047156151088,3,58.90637194995762,185.9053005339874
NAND2,1.1121752236246747,25.173737814566643,40.214788691951654,0.12660039971202316,2,62.43049390467255,247.76327023765452
AND2,0.898496081103737,2.963385231065067,116.22296219996,0.19523692458933126,3,19.73782322476026,32.75600114316901
NAND2,0.7781584853544303,49.23177696188802,114.27959395898858,0.4976002861760987,1,97.65961951578694,429.82395211898546
XOR2,1.068975473698796,19.790575006177082,90.39011463692573,0.46969585188927104,5,75.96123830198415,221.54504365341643
NAND2,0.8802372525707769,8.459182481926474,92.22341498006051,0.5989465349757093,4,20.568934980587443,53.77713575765707
NAND2,1.0356354126145662,33.66873391442638,25.533914196968855,0.6932771188716024,4,48.00992720794354,176.99755217541167
XOR2,0.8353219709908828,14.930126165677507,123.4871566113602,0.7969231278753691,5,98.19714226452847,182.07679449844306
OR2,0.7406148174033362,29.70313527562133,112.78326035758144,0.9106108573294879,1,70.36083028846137,210.32963468431035
NAND2,1.1962908977438818,29.75162748438497,114.5106225730092,0.30586871629730755,5,17.494609600287003,241.8425094001584
NOR2,0.7781007539652995,22.840761224240588,90.92445370508719,0.19964043207123022,1,47.86936026576797,287.39603405629504
NOR2,1.1942104969817404,41.96981216170709,59.47869286545365,1.387015564257284,3,32.909855822409476,140.347451029326
NAND2,1.1886399662832237,13.98338601621671,114.36486490904808,1.130189470704986,2,64.50853867017854,50.451741218297364
OR2,1.0969090519540199,22.982996989268972,54.15169281511923,0.9549911001738248,1,101.9865298202788,100.59576866851371
AND2,1.0297114810409989,27.346914300957604,81.27115433422028,1.3127470893965023,4,55.17072050250828,124.32185561471759
XOR2,0.9889035251255422,33.517611317597684,34.97309723438824,1.676037285542656,4,54.83433349235715,156.37543991042034
NOR2,1.1330507726889172,39.414620674773886,117.19556301327502,0.9240626691384646,2,109.11535376760925,223.7017925207214
AND2,0.8447197608097439,20.345556861034545,39.077045777121334,1.325304594297721,1,71.26132243833632,78.4655040262983
NAND2,0.9338406062424385,32.656300260733204,47.48968057304073,1.9127157808100983,2,70.11197505070179,97.14643138877729
AND2,1.009694984683251,8.379936700357437,80.8134158128215,1.698494052219734,3,35.11963756566978,34.7736368648209
INV,0.9055952379347455,46.69975692658145,101.40930002129815,0.9208815237445297,2,74.88811600126952,190.88088891759742
NOR2,0.913743227045134,19.769881514629173,86.93513059362989,1.3320676550917168,3,71.22970375300058,107.87617730301199
NAND2,0.8651423337510422,36.74654967684548,48.213391280015614,0.45289333320196673,4,50.63791908931436,290.73494052061994
XOR2,0.9821159083422679,1.9967130122267047,25.094304252749033,1.1737817076027688,3,118.92999007840575,14.37708751624913
OR2,1.125287264007558,11.054170002335542,100.71505803074392,1.9648971873402723,1,106.41746096902997,47.616326568338934
NAND2,0.8007641890031564,24.86704467185532,123.52073259110938,1.0944324165807418,1,91.20242335883378,138.27668149252065
XOR2,1.1672165193767206,44.03437091888498,105.99131203060904,1.8639600024774767,1,66.79474266749506,154.82574574056716
OR2,1.0445438268741147,26.83550234758318,71.02066181566154,0.88578965054613,1,58.13687721788248,116.04618392391538
OR2,1.111636606340015,46.563653632400076,115.37672613991066,1.9978282751071066,5,26.263200450667927,194.24096264173315
NAND2,0.9780953463150057,24.70604793255702,65.984767311835,1.2089336662278087,3,40.15980951168173,98.87987602359489
AND2,1.0897583507120316,25.032005740061546,77.49340842434675,0.19946570916355696,1,94.00549197966917,243.00760590478572
AND2,0.7081001986697335,6.867592636526062,72.71297673956832,1.2230990177798096,2,57.18112970281842,29.289970427090992
OR2,1.1091902123897674,40.33015596345877,69.7623872665525,0.6361966678776416,2,106.46099440549266,256.56178960126607
AND2,0.7200694295426833,13.101305210886062,102.51907692939058,0.18106488542748206,5,22.009780679735808,238.01796744911817
INV,1.1449566881814313,45.08101197924344,77.6768907269492,1.663204212825967,3,63.45991604156819,114.07331599136778
OR2,1.1959813736193217,45.63038679618941,56.671712202521604,0.638371717523821,3,79.40105366245051,264.0564366875887
OR2,0.8470337310883889,47.22219548183334,50.815816765847835,1.617511281607417,3,64.43757247541149,223.72195073414272
XOR2,0.8051592781428968,26.49129396605141,28.774731696743338,0.6618490559570299,5,107.26109253227352,309.3195340079241
AND2,1.0826816819290204,34.17759545439857,83.3195161883046,0.4853335452826956,3,118.79977741035107,285.4739280031545
OR2,0.8265131704601265,39.147278123021515,47.99614154010342,1.9509988793163235,3,18.32098570925752,153.64575618063077
INV,1.1327811915861017,7.419716313872814,39.81339220163831,0.7998932161794368,1,19.944813968845917,19.700742488711402
XOR2,0.7514212960787383,30.446902554877365,90.38299638276777,1.2505872775131415,3,19.987273059413923,205.131908993888
NAND2,0.7629775981896791,2.680597163862272,93.12092578215488,1.2667652064912065,1,83.33536604811067,14.570828254792133
OR2,1.1895757775503077,25.380738086047568,100.21548922576659,1.1736901464861833,1,47.85775098202136,88.19838072742769
INV,1.0369194491350022,8.587291399391143,75.35768963385915,1.8396279978198835,3,89.3311860455792,24.238303904690586
NOR2,1.1234436122144764,9.963223372142151,114.40546052038866,1.3879492141697127,2,51.62921938200255,36.18476507528054
INV,0.862164688675759,18.887330767937474,118.63427533982278,0.8790180477172687,4,77.17477295318731,103.66628557940903
INV,1.0382418747603022,22.18942116910865,105.73709397924894,1.7412751229056351,2,93.53367065307275,70.28094816864126
XOR2,0.9971209136542986,31.535448802077173,88.55934820081872,0.46039825033801307,3,68.04482972531586,312.351600620438
NAND2,1.0015750600614735,4.646992503487268,55.372095359118866,1.1431651043075848,3,67.0429129017507,18.124464889648713
NOR2,1.0412662297688606,25.68089630063479,123.29449216202212,1.907034699254262,2,15.146947407847962,77.71576286652139
AND2,0.9876795865645492,9.948631382401954,52.41361671919383,1.2957475441751758,3,52.239900434585,40.69702289487069
AND2,0.9145311846513329,29.12478357655535,45.26569219904311,1.6559006868927673,1,67.76437262086782,100.5260024294762
INV,0.8379613471902734,32.23282600079799,69.21541137865827,1.3486941640249626,5,58.12779495163715,133.71341740083616
XOR2,1.084290665456601,28.27875357108984,30.684057071238847,1.6980172234512338,3,108.58993002166893,128.43975971428245
XOR2,0.813136215001593,37.17648001343708,122.84944646717908,1.8956372141090578,3,109.25102269374128,273.6916372509695
AND2,1.046177153077207,17.444852967804167,83.84335564164248,0.6330928477615452,2,99.5204987677076,113.14171483178025
NOR2,0.8166664113246633,38.49022299002341,80.69520916641753,0.4389628327626314,1,48.1592786679088,302.2438092684256
NAND2,1.012665084977227,22.20558700370149,90.57962798997198,1.029902610625175,2,87.48940244406644,108.11077305244693
NOR2,1.0735391335645144,24.725040417807243,74.70236477772066,1.4395013624295256,2,50.45817302300512,88.40280967668595
OR2,0.8093569444532696,32.7570042357925,28.206351709454157,0.5471195559825662,3,31.74826388221229,235.6809540204145
OR2,0.7299716504306542,1.8995608159619741,86.23112888403968,0.1277107268087141,1,44.43380400835139,31.723972729124966
NAND2,0.765486871497087,33.04571684959217,96.61738769564306,0.764718017773006,3,13.16093282783658,210.87109769966426
AND2,1.0029984836355128,31.310672304533654,66.67490606240531,1.9414555506794422,3,43.15441353553443,109.39689534118173
NAND2,1.1247232031128678,16.182508720910715,100.72955720711929,1.4265388259389917,3,57.98535498503473,58.83982174264906
XOR2,0.7224984106177121,5.203919960074985,47.700129933842064,0.874491834609501,3,114.88030289979545,52.253196751835645
OR2,1.067075629520823,5.455837045739016,47.1276591066184,0.4820430630120598,5,41.042217415256864,37.55712523671379
INV,0.870659322975026,46.2379636022762,41.141698768757394,0.7894485866589243,4,108.78215700863487,233.59921039990707
INV,0.9392641849597612,34.77468674006602,62.19947597891618,0.43929813460634615,1,31.31870171970216,135.9103357545877
AND2,1.1644297749227828,7.2280280747662795,109.70120353890836,0.31985494406834863,5,26.961423242313682,59.66514187097111
XOR2,0.8659857523679226,18.479435296136412,107.79120621490644,1.8246756604364012,4,64.68447748969896,116.37111850648449
NOR2,0.9326684669697429,30.031666701178224,63.28242079635038,1.9955826361458902,4,82.33880746920168,136.82877860421476
XOR2,0.7068412073803405,41.94301354944179,83.91187359802366,0.4285351464400858,4,10.098208842262364,527.856630777496
INV,0.7407993600024192,3.139385506937418,97.08163164749156,0.22250241069116589,5,30.422574480429923,35.36979562650146
INV,0.829295795567392,12.595023442030435,49.1206774628023,0.7398944814348791,1,57.40362164765139,50.28730771605501
OR2,0.7139261204105372,44.59770052447362,41.814108589474706,0.9879192598314608,2,43.06549863806587,264.425502510878
XOR2,1.0156876630241254,1.4491119590070078,122.2095993212311,0.5050639445026064,4,86.95142412505702,14.79118059756642
XOR2,0.9131991784008112,10.868556036900483,86.75573132096184,0.6866788341812898,2,63.783468544751436,80.56229720918073
INV,0.974072601364011,47.99218462267533,123.14157218336639,0.49763698310031645,2,23.441297144448523,216.8978610153856
NOR2,0.7873235929481648,31.056690479586386,58.77559871322291,1.5756098686530082,3,107.86351862123541,187.39698737253045
AND2,0.847966014718308,13.821896965237816,95.30316999741315,1.45964653330485,2,38.68415268058635,63.075099532310375
AND2,1.0319122374263625,4.2825636253965325,47.26036365412377,1.3137088496306457,3,89.0800775309087,27.194603624152755
XOR2,1.1826513618152,2.3813756819138856,51.12001712739129,0.8479695713089049,1,94.69031459712214,8.84968214951914
AND2,0.7252083868011046,12.992508902209437,76.1902121269624,1.8289969696707635,1,115.76313552945174,71.38982703640497
INV,1.145192160427633,44.19280515985661,56.961812550807124,1.9427211780858376,3,62.32835865027166,89.87786398093763
INV,0.9884406006556041,21.379769060577964,41.76215638405844,0.4464419077357745,1,75.8210842784097,87.32738261447034
XOR2,0.9819597833778118,36.296335089133656,51.2880701989326,0.5392637658543307,4,43.51077375014638,316.6107599542452
XOR2,0.9501392676038801,45.995966733617934,28.574839446586463,1.1081863326406949,1,82.99061874238765,221.31364951902236
OR2,0.7346970429520916,20.993982618538013,95.44236214774867,0.2915510702506211,3,58.28910087462677,306.29878545224193
XOR2,0.7449384258680802,10.372591180832456,74.21166570858617,0.9405229897874521,4,55.33002194330856,96.37089630127808
NOR2,1.000456002829543,26.338778611989056,34.42430664045256,1.213767577782095,2,103.37876584835213,111.97736696166149
AND2,0.8704792857177791,45.496100665932865,42.16939931284912,1.1014983137381862,2,10.769417002349197,171.0499531681667
XOR2,1.1586340332888403,40.41434629274733,35.2534538112644,0.7421081361866889,2,106.42567920066487,239.48191660873698
NAND2,0.9032952686797361,4.225662324794535,86.25928082758765,1.1397981154251489,3,102.98803135028405,19.70991974883825
OR2,0.7716407293513206,34.93606720380151,34.42103636124938,1.9225457940066337,2,63.232119159605745,144.35600368102055
NAND2,1.057359416751018,29.022978600488734,100.42823330352161,0.5073127200677869,1,61.37332823364725,152.57303542882747
INV,0.8466767107205049,45.46569564097485,27.051091932039117,1.3510829537807267,2,46.60784732408137,124.50861592924585
AND2,0.9627351536779465,7.001589425664564,49.93757879958921,0.20158578501337748,5,119.32998604339946,101.2360143946515
XOR2,1.0489163927525849,27.167769547028172,114.06666758919071,0.24486284042509765,5,17.78447326669174,368.0643160305513
NAND2,1.150132055601035,44.093671982082725,96.8531318122246,1.1574370615403398,2,72.8747520972898,163.03397206711765
AND2,1.096095597400838,21.09116555034541,32.29683329256877,0.317285659016545,2,83.39338286292796,155.5678470496656
INV,1.038180533936362,24.617750968910485,107.11261044851797,0.16201196224249179,5,112.44795094494862,298.1347476832731
NOR2,1.0398165911975719,4.452573205680956,74.30351215402048,0.4424444355782817,2,94.72340213852758,32.98352107587343
OR2,1.1729623220160432,14.62903838199663,109.67830271688292,1.1819164414791998,4,79.04242832332788,80.42305194774639
AND2,0.847912048748268,16.90082580927842,85.07397744503933,1.4422809944955928,5,18.433416433394108,89.26757234496775
AND2,0.7005560470980936,47.31099998849946,93.18330320328587,0.5006597005857943,3,47.97935443561875,481.41798533785493
NOR2,0.8359772796990993,14.850700666516794,124.35015603957082,1.376327741951368,5,20.966788893018304,85.07387887334124
AND2,0.808945689813372,23.582568028212947,48.233554592401816,0.46305550246655114,1,106.33946423353407,194.0668836602129
INV,1.0309172925569992,33.89391675464971,87.39455747613883,1.2732999620667633,4,91.20643288981894,125.27092333302942
INV,1.0168557998827645,8.946985247985992,71.03213900573984,0.8944841982041017,3,92.11673048168136,31.182686664943372
NOR2,0.9967306913523619,24.83567696995185,28.945195292269144,1.3491430775471993,2,80.00949954395757,99.20042771931946
OR2,0.7081217216047269,37.18841293431947,26.447064150286504,1.9906991746609848,1,63.310006747721616,144.1470311530962
XOR2,1.0643890272253236,43.47590543832624,36.922857781785865,1.8830958946372165,1,22.246671838302177,119.20218948797344
NAND2,0.8617652062427457,31.68670445845891,89.90917405385481,0.12804970473187482,4,42.914911971080954,513.8269475916121
XOR2,1.0325279945033154,33.78362225053045,81.71630879133922,1.7846248770011346,3,20.745316134842415,133.72778054050175
AND2,0.9782892142510766,7.187890156643879,80.34295611637275,0.24500269492856105,1,88.36501142801947,65.29772747296646
NAND2,0.8713654627139535,47.34304836507101,28.18567625282601,1.9117275819805084,3,23.42630924253058,144.70334046436616
NOR2,0.7672881335520538,7.496129796739636,71.93029963600071,0.6498322767074072,3,85.74305826974384,74.38203216599307
NOR2,0.7472094488302404,38.95897392190812,117.46228178425285,0.8382254811731894,1,84.60936980352905,288.8464599751473
OR2,1.1157591665561117,13.975999767137623,64.75918693106466,0.29227982573036837,3,57.82001508399822,119.79359978524268
NAND2,1.159198771040779,46.74606404136133,87.49224697884563,0.33107278565835,4,20.551295223576012,323.2565836958372
INV,1.0248940233821497,36.278017429104494,102.98186756231435,1.4862722626311209,1,41.20209500541422,85.98932372946375
NAND2,0.7517170574302416,37.93687193594008,103.39252791418876,1.8953446032067882,4,41.810707543688416,194.0268167240379
AND2,0.9010136084441203,11.733899479934282,76.92800823952713,1.2682071705141018,4,85.54429031147875,68.65799299570796
INV,1.0644696000525786,22.70895885512288,110.79519454023364,1.4657980291904047,3,18.080447232578297,55.61265783160296
NOR2,1.089910442005034,31.272846534875033,64.1378093363747,1.5525031198426484,3,100.34289431485044,134.72515970034206
NAND2,0.7591093111455443,38.728707292123445,113.86932147847983,0.6140908361595304,1,92.5158383713801,300.921494711475
XOR2,0.7000153594226912,6.094009419707089,49.02271663955453,0.20503170613000404,2,26.4252955900415,82.98530884377489
OR2,1.0560685229403024,48.15590050627189,53.0216406990571,0.12352075856803693,1,87.70390390457229,604.0532636144841
XOR2,0.8782980879931028,44.62081285717324,30.31206241990011,0.779220651953555,4,81.87901586879951,368.9701026831936
OR2,0.82724066580913,14.247080934283634,104.55818365422829,0.5739527490145262,3,91.03389201275652,144.09685783336263
AND2,0.7064487348947627,41.315251908584266,66.70552362327055,0.237157323092469,4,26.726783876599864,579.9019304540806
XOR2,0.9701497033807498,26.39787222895135,47.9116613911399,0.4575131898880935,5,23.122887047993892,244.8781635121084
NAND2,1.1255753677129907,23.628517596538913,48.17902776165796,0.35405792874374187,5,32.195658381116736,169.13974192111797
NAND2,1.178815823136294,16.407271184758866,115.13999412292331,1.8399713555606563,4,47.0752458621322,59.45968157808976
XOR2,0.9828724753066446,29.46746074494803,108.3916600461037,0.38370236130323754,2,96.27147281911714,330.94521688075974
NAND2,0.957230663869947,36.76456676747629,80.35308853571833,1.1307791122968367,2,89.86125281006775,177.5950333638221
AND2,0.7425281927446206,21.135712343175154,86.61108004157211,1.2350391956108693,1,111.4269331120313,130.29356627482093
INV,0.9744364007712998,31.831740457406312,72.43255705502911,1.1417601804922315,1,11.742399296340777,75.22153953663515
AND2,0.8899895394826973,35.26633313660988,64.16665428788089,0.3062260963260574,1,6.328972316631344,241.5280977109315
OR2,1.0035676404417884,35.84496903374901,116.54768812183315,0.7193409200910362,3,85.4009654155919,264.3271377079021
AND2,0.8943631739382734,3.5463388084278322,37.561270352030206,0.21638822503072813,2,37.118062016329056,32.037691197823584
OR2,0.8201495617251833,43.127642478568276,66.8446789716228,0.863859438501074,4,43.41907298638902,304.7465473017682
NAND2,0.7474826376141882,23.454412423487348,59.45619079878753,0.4745659907905929,5,67.88223298016891,244.01283964602962
INV,0.8574592222944478,13.858388003114507,74.81507202511483,1.175869162574634,2,16.77750915958183,38.85330450450582
NAND2,0.748322417143876,12.846460866504398,70.7631874545175,1.422479780436309,2,78.90985790302571,68.19626300912493
NOR2,0.7884484754119919,24.667691529353572,76.88895316510815,1.120385337184848,2,42.391956316582274,134.9053063629457
NAND2,1.193668079289773,44.454745433979,38.991897722699406,0.9363649896294239,1,77.76223929461403,144.84104320226106
OR2,0.9220517784533093,19.5390315024497,76.31415015132771,0.8481868312105817,3,100.91079500343938,139.62656385760303
NAND2,0.9659358832525082,37.73656159239362,49.24188138872109,1.7023805240223668,4,24.677803333804412,128.4239785468051
NAND2,1.1368092643686076,5.744117818373711,43.43313489881913,0.5324119623227077,1,112.05040568516984,28.007008955093738
INV,1.1977844502453439,24.326778405402028,31.483421878619122,1.5003304783142732,3,66.02913622218104,56.10556869301296
NAND2,0.9913572246723408,49.592620879244045,101.26525587561409,1.5440667705114237,2,111.13669299500636,218.10697584135355
INV,1.1062369105220857,38.751452336824514,67.744192085656,0.9080960136689807,3,28.888959453204485,113.8989468129572
XOR2,0.8634705121683376,11.315895933590037,87.66436833117584,0.6789251265442019,1,74.52470642948732,85.79999063776108
NOR2,0.8528719787236455,25.570632211197623,97.75933433047433,1.0046179937664335,2,51.44701849221454,148.20798386889743
INV,0.9013518604972801,12.447613418779762,92.93166653135535,0.2952421806782732,1,94.03555198294151,85.85050223231198
OR2,1.0362536313368245,21.068485435862954,72.05007190896822,0.20634846059068915,4,74.67952846952907,274.3762229465825
XOR2,1.0410958446275493,39.224117163013275,63.789852895172984,0.32981401496955653,2,61.86927755020662,365.1549566390288
INV,0.8576197173247253,38.790015949229776,62.595990964066374,0.47183265914898515,3,109.993321739566,255.67295112207387
INV,0.7666049620683143,12.17691851721687,89.00487969300563,1.0678524222355208,1,48.36846237974323,45.37492159455489
NOR2,1.0161981282327543,46.188942589588144,74.47943549418734,1.7163768759829094,5,30.29772356329087,189.55454419398598
OR2,0.7641629310943823,30.035840955476512,109.91322479885106,0.5630075841594115,3,74.93163648799054,323.14248012032635
AND2,0.9892462541146649,19.61629025713871,112.47019843267121,1.8781045802039427,3,76.76327027487358,87.09476778857456
AND2,1.0467110640281545,25.594843458262172,42.05603780065184,1.9152268687978065,2,55.49588148076567,75.21992191402175
INV,1.0503057481972258,30.648491418449442,38.62336515457257,1.9227406571089858,3,60.96015502427897,62.067836395002324
NAND2,1.0767360553297984,28.434636060443484,88.04009260359994,1.6946179411914886,1,115.34864264448849,97.1385999173063
OR2,1.1364297107828323,24.833846741272733,55.122574806227945,0.8039910766997147,5,89.25885451063215,169.10464778895886
XOR2,0.9499794959823942,25.741707400380605,26.857071876509885,0.25664575268493134,4,17.719201420496354,278.8969597062867
NAND2,1.0651245947647856,9.644183610966422,113.86426693629551,1.1893792157210104,5,29.394958150120264,44.594335510011945
NAND2,1.0095863676829184,40.82391231092929,47.69007672438082,1.1703211146019994,1,117.19131296008928,164.8161002592443
OR2,0.7933199698988412,27.54625567710975,117.92806516858091,1.7179544421660395,2,88.5435386862561,167.5073894174067
INV,0.712844822434704,7.422913223530451,96.74344508782536,1.9924631757786777,1,110.23018950663511,29.49537361051895
INV,0.8422706928384669,38.54169797755612,101.26534899114843,1.0753357363330773,3,39.944068358703035,147.02124122727713
INV,0.9215168531688096,46.68975494049019,45.146149579316045,0.7689835783547944,2,90.31468890995812,188.62457385571048
INV,1.008552972214328,47.418038062611146,48.419442561681294,0.46949521772578195,4,87.11031148020382,269.20083245710293
AND2,1.1249796652516026,19.081868888147465,77.12677538240658,0.12902367065665699,4,38.88934832552813,235.48939243104246
INV,0.7981228583530828,7.640326804476948,42.209985264986216,1.0771337418790927,1,68.34387742683111,28.649493669286194
AND2,0.7627748949492386,26.40158170502019,55.54316926830323,1.1643750934008799,3,77.15273779608395,161.83686392542245
AND2,1.1817399737371637,6.517852238111813,57.14624779478045,1.670884342056707,4,60.33015824515848,27.694371794529978
INV,0.7540222796882035,46.765383507118244,40.96299332527641,1.068604699638465,5,100.12555126567146,253.30024681009706
NOR2,0.9392455350535945,9.995401740402153,45.518283339516074,1.842960495492186,2,100.7799398067688,40.46470850212751
XOR2,0.9927818643966508,13.38552713760704,103.85518420082566,1.3007969359542986,5,102.81906305467902,108.3875751497144
NAND2,0.9706872104537191,20.925189817363552,41.71958545472684,1.6998321278556363,4,97.39371044628872,89.63091311869398
AND2,0.7430160785164716,19.775058959397164,27.845739184392247,0.39880726143856454,4,61.12959987767163,206.11906804813313
OR2,0.7285134570018097,39.93848172749656,87.93549426289384,1.7280319249683516,1,48.86540428713583,181.60622845627725
OR2,0.7527417137305178,23.359524206997154,122.598311939245,1.389270446354435,1,100.60827262715262,148.10965005487816
XOR2,0.9927938419363063,9.367644740163508,58.12138146231214,0.4400381009840614,2,61.37316773397069,78.22210893229037
OR2,0.9721724438171605,14.09328487881763,36.86557031962523,0.4767554893145004,1,33.332710842217914,81.92142099812655
NOR2,0.8168703960183721,25.94655587418858,82.03873253675307,1.861821163803136,3,63.34450621705487,127.40800028100205
OR2,1.0188870709227957,8.22524195388061,115.63542110956462,0.180564877646701,2,21.312729520712843,88.09258562604208
NAND2,1.1100337510278246,30.97112810665469,103.40617798284788,0.9895656933959274,3,84.53739141886187,149.53300087084614
NAND2,0.7207894799232968,28.72161802100615,87.2515868412716,0.7093335450761109,1,43.63094738674923,182.10157140591733
AND2,0.9490649717740212,36.02041350273063,56.505649660759936,1.3703455871970447,2,34.97576182145725,129.01597158751053
INV,1.044655206051345,46.94752615358902,79.18801732762199,1.6985032486297047,4,114.99850581699567,158.93525793846854
NOR2,0.8261559635348434,45.70047349395663,34.124484130425536,0.7975108685263508,5,94.34131451220537,378.43871424301676
AND2,0.8538854526465744,47.35770528537274,92.894542428067,0.9225759241669339,4,95.51299281325214,376.88742658855176
NOR2,1.006818951494692,12.991064254161346,97.50960188976508,1.9660054348626586,3,76.72802646710609,50.820606045669045
INV,1.1489676467218684,7.446700025328377,121.50316229099188,1.5937630381969012,4,101.50487320868417,30.551775315096926
OR2,1.1049622101514496,15.811558324325977,51.039735874507166,1.8067437661517678,4,92.30368533378885,68.82472168159873
OR2,0.9915651095497917,44.85917346554942,26.845641904302266,0.9448729748250638,5,73.8589759753659,268.8718523024238
INV,1.0651108588786244,48.63062025655093,79.56084644271506,0.5600632634901366,5,115.52930621294749,295.44155236443606
AND2,0.8824112351038993,43.106922602453324,95.67905043968145,0.8943033149265291,4,27.033419213708648,275.7163583856729
INV,1.0204827640493788,6.390868335249636,104.0407475882988,1.4662528055232453,5,113.48866768439638,23.18152275194646
XOR2,0.9330907955637784,47.423971904929864,44.37389330248106,0.32572916109164113,4,51.16538862986947,545.5440220198466
NAND2,0.7949680682287804,21.744543340188514,51.175286903702364,0.6284819185590366,2,65.76588309117096,143.00577791644625
AND2,1.0508691369386285,1.4562042473553303,76.25909252672963,0.2076754928677899,4,19.115021747595527,14.628266776304297
NOR2,0.978232318674411,22.677293296661485,58.060080997000185,0.9328137480756873,1,67.11235547600596,104.324228205048
XOR2,0.8793107909767957,3.257389314097912,111.05114865874451,1.6755979836416728,5,75.28877646369224,20.564501960179808
AND2,1.1556695950393152,27.65001813689476,72.37601537387202,0.1663677340002603,5,119.73567730798025,421.49732577075474
INV,0.7104670589133666,17.589147344415515,104.9578644102003,1.389608230397472,3,117.14712727322555,90.31652911693193
INV,0.857886575624748,24.198311746108388,83.06197604823538,1.8730922440858304,3,116.13568856554303,86.18554674846584
INV,0.7284406988888232,31.045347676412735,102.3090141617112,0.5654243796410227,1,45.064626911736596,160.384809779869
INV,1.0832636581108135,43.571253695073196,58.267298653032384,1.4240335005679785,5,118.99564735567999,161.76186536464317
NOR2,1.0510537270568963,33.433177247124505,108.14166219303112,1.9531915740683765,5,57.37998743343775,158.59865147304018
XOR2,0.8656761093681584,22.268394555430852,52.457231555102155,1.9290827530866308,3,102.96116975761856,132.74372598289952
OR2,1.0378314511035365,41.15196482984789,79.60988080032908,0.5616668828947894,3,29.876796437181778,266.10636559263884
NAND2,0.8979686130979749,45.37352474108348,46.40071131738742,0.30862238003868914,4,63.17081566050927,434.5902835923078
NOR2,1.0781268957112171,6.868238355177664,72.55265216261934,0.39877117124432193,5,116.09139105467462,72.92963873902394
NOR2,0.9270918313683529,27.06471590008678,56.81752095087032,1.439827056746427,5,113.90861064619416,166.3011211461368
OR2,0.9061398639158327,14.941086027379763,51.670343063721425,1.484426685852158,4,83.62951094946408,75.69008393387661
OR2,1.1673649577441505,3.305998695970423,121.69850180280375,1.3875647358610141,5,96.74864709360187,18.02201143902932
NAND2,0.8254395499453501,33.75878806058528,41.007410548673064,0.7518273689554076,1,25.28907010927616,151.77979388286101
NAND2,0.7602236699982827,43.27576809550205,103.73258374573953,0.4391806467452696,3,87.9907331906781,470.97033670268405
OR2,0.9922715566297291,8.982230069392308,123.4164959483215,1.2118308528702357,3,76.07584295856782,43.58784508843799
INV,1.1846609061420894,40.80826922357112,26.990148374007784,1.029319238024789,3,15.5284496113933,83.7948968541916
NOR2,0.8889196068635933,42.81639094331014,94.90274140420951,1.4902081965899303,2,18.01328575781277,174.59225193189855
AND2,0.7310183818143907,45.80268169065769,50.29118055562871,0.9497569479289683,1,17.471016041395117,209.4552391086145
NAND2,0.8696526336547836,13.998969365216569,29.048782432830443,0.7566426260105605,1,88.3010475054311,67.0940321318082
NAND2,0.9529658271597792,45.29370019430458,65.28895789566307,0.671739725434947,4,21.29724894847083,252.14617399763634
OR2,0.7809615033161068,16.71247498208518,118.5217810170875,0.5175642016935235,2,58.7892111781641,163.80365579112888
XOR2,1.029051109028246,28.064562659319638,26.176509436699767,0.6196031872309234,5,46.05290767594214,214.38489250091686
AND2,1.1988746945051003,3.4748660707818244,83.78856919297817,0.29828122502691057,1,68.30797618857505,24.836785225345988
AND2,0.9258697379907219,3.1501733300684367,75.13964785953243,0.7720911805463123,2,86.24479603023133,18.795562064363807
NAND2,0.8773642783651063,36.298287423877944,112.33841643710475,0.1887512472423614,2,83.74309178045318,479.6435469109276
INV,0.9003520834172333,22.779518920911762,33.400171452062565,0.47045803267269437,1,64.28479033015331,99.4472907427012
XOR2,0.7575730891976005,13.55832639309166,93.15260298866504,1.5239284358845266,4,58.398510465194335,96.23785436829006
AND2,1.141636800713112,10.3302613052206,93.01096984332773,0.7318816987120506,2,50.74879343905975,52.70740525276137
NAND2,0.9074128277606759,33.82772105210169,91.90800168622832,1.3762855919174064,3,104.11964405500363,183.1889040288458
AND2,0.8936372057124207,1.0196756572416539,119.2334494935037,1.4677422501228814,2,43.04795756035417,13.93011403151539
XOR2,1.0298451364652372,40.48866729064586,107.30875290068805,1.2126284443363733,5,34.82706943426191,259.91599163278664
XOR2,0.9210167104655618,4.8832307003665125,29.1972726243506,1.922351753766949,1,90.48128177035619,16.896240814674055
NOR2,1.024116734403923,10.382991130497853,72.10828507045132,0.16030694925145292,5,46.37279809512354,148.22233743993084
OR2,0.7307231450653937,19.92558336965539,64.79530562013335,1.5086669831057071,4,102.40483897208587,144.56183385943467
OR2,1.1068616718611137,24.758078246089077,56.0147221090802,1.9225188906079669,3,42.70720264327164,81.67469210007597
NAND2,1.1702519764397012,18.39476067488315,70.13367251540973,1.7410708511835258,1,85.72365482607763,51.52343440844642
XOR2,1.0243826930796929,16.7148960842304,63.41941849259774,0.43563826059342503,2,10.187535722813651,113.87594712522981
NOR2,1.1772829644294054,48.23188459158624,68.23338998786653,0.7344221757532563,3,49.3397312126868,237.0568543241294
NOR2,0.7757161571849815,32.43740438092632,122.92618656086425,0.44420945896775493,2,44.47147012126842,323.84234714997154
AND2,0.9387080947401768,2.1482148130020224,33.863297474958074,1.2504597239716437,4,98.91805501673119,6.261695537229313
AND2,1.0009033669727236,22.078619513771347,117.22308698387297,1.4589134061214455,1,116.21137137125565,98.90271826091954
NOR2,0.9908683237105933,43.87542628745454,73.02367134710266,0.7160986864025494,4,58.00134681969056,296.93918228379437
AND2,0.9007308895445216,15.77135313412273,87.37422454995412,1.1342723590904755,4,99.85617187268218,101.23578323970085
XOR2,0.8690422046831306,5.633260893945024,108.01829666176938,1.4189306717338466,4,85.46489061009699,29.571617926810873
INV,0.7634120112752094,38.16085380790597,61.046302914925555,0.9121188552287709,4,116.24938858132472,232.14579317837212
XOR2,0.895871225281139,30.694677764867983,68.04219080879669,1.7255491972562633,2,98.27747914942485,164.75276276634628
NOR2,0.7813304075527425,28.94531288349869,65.95184802787139,1.5705138783410961,5,13.90997758582901,146.34191328909174
NOR2,1.0671828382461093,3.6252514207629885,62.47310225357599,0.24157122243907284,2,87.02739807395716,38.383785947297355
XOR2,0.804415467747295,7.884451479980349,117.5529321646895,1.2877155622907586,3,66.58246727357297,60.74493458843261
AND2,0.7292826526422669,31.504920414442577,107.8929891193012,0.5624120358043292,4,6.8901466622176235,281.36701550624053
AND2,0.9761830689086171,11.183368231482955,35.89999898629761,1.1681343375744775,3,33.90099025342602,45.60297319914848
OR2,0.9976148663597008,25.69943390767279,35.812335247709605,1.9189502721499765,2,111.00185317809269,96.12146163514625
NOR2,1.1359565306402528,27.699202615440278,67.78695148529911,1.7726365685582302,4,111.49705787047658,116.95538962295367
NAND2,0.9884908062088409,14.89185232327603,34.865737673280904,0.8804908378564476,2,96.86780292307296,66.0302871744324
OR2,0.8727404268617228,47.47283262153315,86.90930952711197,0.6680460536873843,4,117.90465437696878,475.4114301920325
AND2,1.1015059407631602,42.280741234943186,39.36916072617339,0.5606827994875269,2,97.75270083178356,243.66592968129297
XOR2,0.9701394465937105,36.39630187400713,77.2373263966801,1.1211279551422577,1,6.173481537803197,147.404105416973
AND2,0.7396401423155958,4.821699454061045,25.721994700371773,0.3347870921251459,5,38.100949134673854,51.147534385036366
XOR2,0.9829252801566233,6.200370946141953,56.65963484126467,1.1526370152811072,5,8.52178095734273,34.89347104255538
OR2,1.154009272710831,25.14628594738283,92.71907236726554,0.12250724224268898,4,15.822416404819336,334.7050055185111
NOR2,0.8981563127491102,8.874954110358297,73.40389402278484,0.7288373058021882,1,30.166693949339248,45.45193070575546
AND2,0.8481629009499,48.93500771294423,122.82694859989881,0.5334765100014928,3,62.90923282743508,456.2948583184386
XOR2,0.7717347285090099,8.767491467343064,112.41037960662108,1.9458913251262702,1,102.46618039813204,53.001768003406276
NOR2,0.7757227609676787,24.885923937734724,60.90707790431512,1.4872155607915605,4,104.12617695806743,168.56888711295966
NAND2,0.9163857421709094,18.841931785233765,29.54865414722746,0.7773483552690068,1,75.8632137340891,91.60838219498967
XOR2,0.9978399120807647,32.3299346512508,109.56263001150188,0.2945487626775666,3,111.74023299261702,475.44368512374393
OR2,0.7403077025848008,7.322784035581821,116.12343103146713,1.091585118018373,4,62.507167557873935,62.28271873756264
NAND2,1.1697842945125827,22.085504974077153,107.06273934190368,0.5212820168929595,5,107.23914507531818,181.7422680935044
NAND2,1.0775668087225978,14.46054660755004,37.794994091976484,1.1284875462889126,1,57.21750447818139,45.9905663208707
INV,0.9933119591418313,44.49982470891271,124.79151344122877,1.6904812258563178,5,36.880875853516464,148.49360093490847
AND2,1.1142193354694954,2.9886998946000594,50.85842215527738,1.2776899979506045,5,110.38748558154919,13.218510449070852
XOR2,0.7400933784060566,45.772647206316506,97.42049128083701,1.311522228744604,2,49.61253370306997,316.49239446107424
NAND2,0.9384194388665621,41.81671278909702,115.80348763357216,1.1371369434380856,3,62.89147251711309,229.6506975288871
INV,1.0150465634308317,15.580965105599958,48.568711433070945,1.863259389347049,1,42.81897274102788,29.686510073253974
OR2,1.1143264530591446,39.675242079178126,115.8258554677066,1.8719770467107342,5,81.22632403343393,188.20352072236147
NOR2,1.0917347800246338,2.5294644565986304,55.9481579194867,1.083919618018278,5,119.42859087569408,13.945920621857121
XOR2,0.8385346248566998,48.37641196437629,122.64132223840562,0.6948278358297882,3,7.934058119448509,406.8710896156639
NAND2,1.1704400847796022,26.803152186899677,53.12600203804746,0.9840235710533545,5,108.48252069081667,139.00024300028568
AND2,0.7621729207154351,15.860770277206818,120.34358247578352,0.47072887492775745,5,5.451496553765521,166.1692812414246
INV,1.137566809310576,18.766577417139178,30.354465089267492,1.316327312798008,5,46.88620633181427,51.11278668061145
NAND2,1.1854701248023092,4.253862319564371,95.9272011669813,1.0601735912705983,5,24.389782723294143,20.07048291122724
AND2,0.7885767616113127,49.47812618805992,78.21111338370036,0.3142048982889662,2,92.0943047773434,575.8813466130545
NAND2,1.0610330321018926,2.92530531238393,72.78770771227306,0.4915778285048768,2,10.82024668707495,17.93631909228762
XOR2,0.7201427593889992,33.09044903424509,47.349431425584,1.0217080776551104,4,68.65076966219772,290.4924652075771
XOR2,0.9027114125695774,22.69406045761646,95.5595789776492,1.7886673025514535,1,38.91650539221095,94.50652089181207
XOR2,0.958141649598837,47.496894691247036,44.08094914463071,1.184814554786463,3,20.372078619440746,231.18852246514084
OR2,0.990322612954817,13.053987275032963,80.28417959847683,1.401285800391925,4,93.75909439180369,74.73472789908938
OR2,1.1679686241242797,27.072254372962554,50.32453630402508,0.7573736735185502,2,30.002935939354522,108.43304583708887
INV,1.0361253436470972,24.635454220554895,120.56213797813561,1.1942534189231604,2,30.722649386317972,68.03481220297628
XOR2,0.9406389756096185,35.440455758454966,27.863119383565284,0.9610740665595667,2,36.63383029086114,175.18580792021692
AND2,1.1048375181329446,4.332501365668605,44.97282801112365,1.359164235731542,4,72.47817784022315,21.670607579994794
NAND2,1.1752664104772044,10.495667371144387,49.23106063874477,0.21508206422853948,2,80.86158214443606,74.9639356397263
NOR2,0.7110330743411454,11.513676184549642,66.40678257678164,1.0474044065292432,4,7.024290225654671,67.9504254619292
AND2,1.1912606361280194,37.169386987242795,48.273024187005355,0.6764661352706578,2,32.815008153085884,150.26490012303842
OR2,0.7430660695318401,10.267796120010264,74.13490902687853,0.7332279152024693,5,54.561646888107525,102.86733639271729
OR2,1.1071933896343806,29.101096430657858,112.2465523258539,1.9265247713291553,5,43.17734949854181,118.74088734948477
AND2,0.8401673762757063,11.546947204546731,96.20634214091707,0.4634662478973996,1,106.6796257287519,104.68707938371482
OR2,0.7660898288769358,43.21962255411494,82.99619805351111,0.7051410748477622,2,95.58650405193816,377.92038042638865
XOR2,0.9199278198569174,47.16708726999229,33.90031779826796,1.078598042374039,1,76.97737478696516,242.6319395942107
INV,1.0219782897238068,26.406155772169782,94.39921083892756,1.7424906625212924,4,43.874877839659575,74.34797546602071
NAND2,0.8904759225117375,18.263135326249735,41.641428431093985,0.9033397564279764,1,85.57731965730838,84.46988607993401
INV,0.7272827041413494,12.468830975857458,103.63673859616979,1.5184667280697615,2,102.01837147726636,55.8814725028864
NAND2,0.9997305698293583,3.4392690746291446,50.00567585101532,1.7299833046438284,4,73.40549339628348,14.96900301487617
NAND2,1.1512016380553374,14.156503733677274,66.70487283209009,0.702830748945076,4,95.2130686927386,82.93423574076623
INV,0.8916076829736258,33.057553217320574,60.04702023179279,0.8583703450527747,5,91.147070560971,173.46640470539967
AND2,0.8081663888154135,27.14722963415133,110.88139146748568,0.7903257005341098,4,70.74979078343705,235.1907306433413
NAND2,0.9212886729664076,47.25802263576544,37.65444587134081,1.6857689202016914,4,40.90106993447376,172.52810209486896
INV,0.7241813555243903,20.41758586209333,81.56448823847886,0.20337210047277016,1,90.76494817014625,204.25205069341652
NAND2,1.1102437922401374,34.99930377409133,39.20616094430622,0.6998316469979184,4,28.781582131124743,165.42468500653055
NOR2,1.1131704054750933,24.976814626280948,95.47958361321867,1.397288088278844,3,94.64115984422638,118.51674341408929
AND2,0.9940002317148142,26.11623458028637,115.50781277944812,1.1830337791828442,5,97.5228695963913,179.81061586109692
XOR2,0.8765514444691946,14.120941415601758,68.46076538672534,0.9402239954721452,5,99.54666115059291,140.9830121902621
NAND2,1.0998916822228917,23.292588065257984,73.80922602649758,1.1351026671762026,4,59.385336662522626,103.00607693481552
NOR2,0.9773435123941836,24.068464853622658,117.74228364827623,0.49145902135723835,1,27.135288293598492,146.28043640336637
XOR2,1.112966154275008,35.62548356569776,77.09913886493571,0.9297472486230595,5,16.468214007597904,209.1645487419688
XOR2,1.0157293962915102,47.091359960119576,73.75984380495609,1.0632016102515363,5,90.48654380611129,371.20630881429514
NAND2,1.0922027366063987,17.13674259664271,82.83291027043042,1.814235549274651,3,106.92005922092852,61.64288268928388
INV,0.9992814966088799,3.067822960483624,93.9229736362952,0.6103701060714755,4,79.84641126624426,18.948298397726212
NAND2,0.9070705341078331,25.318461149531345,35.688337508703135,1.7515175840700732,5,21.578406944662504,87.97946741546015
NOR2,1.1789729299630687,27.67860527530926,107.1110527741516,1.331173833552846,5,112.51309157952102,164.00083547278388
XOR2,0.9705569124394223,9.253587005463848,68.55050274532593,0.15824076240708984,5,118.74673167202175,205.3698649401992
NAND2,1.0025447592702692,38.26276570752727,32.23485098974855,1.48230691337086,5,54.838540142516024,152.17068974488143
INV,0.8102438197073746,49.26152631363309,103.61826691982131,0.18683752979222357,1,73.40490826648369,452.4276761127706
NAND2,1.012825394713638,47.34296113341458,62.69499716862721,1.9950765184099686,2,94.38127980019064,154.9157293087284
AND2,0.9858038247414719,10.658195902358957,35.03674950950539,1.760556972859452,3,89.68482585575514,41.16868906968576
INV,0.7924191989735124,43.89279875513728,88.37790395432505,0.6790062453752859,1,116.29552707234666,239.94832852433683
NOR2,0.7297935486765719,35.520188184172554,113.01313534336417,0.6039331127698062,3,18.211555474060724,314.49679711412665
XOR2,1.0021796598573856,23.238481626538668,113.77535094139863,0.8371092343585447,5,71.78335960642266,215.2709784262769
NAND2,1.0818461346751602,27.489938721911724,120.76634748089732,0.7895938947911528,3,84.5721132624056,165.4154215941694
INV,0.9617006854610041,42.630408574140446,111.7705459766688,0.8199950985645164,4,107.36131878158206,237.73968044261076
AND2,0.8133863126598229,24.526612042280284,25.214091934547522,0.7183599067046231,4,105.52260718758733,193.96922389733288
INV,1.0332609883465174,19.287161086151215,63.02411664133902,1.287730804874863,2,117.46997625954835,58.227405986533924
OR2,0.7400528633048011,25.169127158273305,106.85425799055031,0.428815687794773,2,63.88902220283309,287.2028066433385
AND2,0.9209168524009772,29.377360397717407,61.62530059984742,1.7104448297985047,3,100.53749968352106,137.56190162793797
NOR2,0.78168337919921,10.264805035139092,85.15485063797061,1.6473166699788726,1,54.13739643464268,46.04959506007872
XOR2,0.7922295255299416,45.14447878308254,85.6316947374532,1.0157884307679084,1,53.56609595344371,291.24033142009387
NOR2,0.8011469745791018,34.03516049265108,61.502530403882304,1.7231323347236693,5,34.13506191437879,169.14815568915623
NAND2,0.8933535285219889,32.03017694953696,115.44739272812876,0.5846327316569514,1,99.09728800721143,225.3916207149956
INV,0.7255751028101988,5.875315082851269,75.32283453861176,0.15302305672345787,2,118.36873716855429,76.54508966051007
OR2,0.898896720464549,30.604522970456998,71.47842059375009,1.2841108990560672,1,34.47929875993466,120.48855014897298
AND2,0.9558537235573503,6.927072449686125,124.75137456618958,0.9808696850936649,5,11.455132622423317,44.93209973681712
AND2,0.9416471424831625,4.856186084574554,74.35003640726167,1.1862693470362367,4,98.78738030318584,35.4050275390059
INV,0.8913920502015202,26.838233886477273,42.83982519285811,1.8107580889545976,1,76.32645604149695,66.46765772157542
OR2,1.1195733040353761,20.736491168278253,76.3069422863438,1.9434600783039735,1,115.36536206336551,67.590428817719
INV,0.772663346210252,29.851703237654938,106.401673551993,1.3127719027405336,2,34.007510193849505,108.53272962389451
NAND2,0.9528483718906869,5.371886234804691,102.68603268982814,1.556424508922584,3,13.168180670147324,17.435506540508143
NOR2,0.7310207084782772,22.11817007951566,103.8581765108471,0.2775598549558688,4,61.630859999647676,346.3781936356137
AND2,0.7355778394389548,9.56454903721274,95.80237839979118,0.42214529959603053,3,14.828592640991962,90.92835701694496
NAND2,0.9869329248385481,49.367904210281715,50.421782906668824,1.4984250333115958,5,35.105850126811355,200.05038470816203
NOR2,0.9830092124439105,28.496360409323543,111.20840858402315,0.9309670580094436,5,19.48745399420435,174.75473872025177
NAND2,1.1390167564222284,34.6844061861025,114.3443465376265,0.9584147083602826,3,30.77520066090905,149.72643535057992
OR2,0.9789368378300365,16.945495753447783,44.41526966185491,0.7001824414746208,2,17.206635074460063,78.28698523301551
AND2,1.1798955102024251,5.642206824187864,38.04556365513939,1.2618300009381582,2,114.69918993413782,23.63900403015492
INV,0.7243474241999648,48.817672276393296,122.56049685891121,0.46811028538246086,2,37.034712046719584,325.339963552864
INV,0.7490038423903704,15.026692733775977,111.83239636503679,1.2986026051101236,4,56.048222389145025,78.46490857973401
NOR2,0.7220329307851907,21.766601073505136,114.32361472099467,0.4467418514142506,5,108.34035787793557,352.86961700109555
XOR2,0.79263842516677,32.843332163426176,113.63763846243951,0.23999294525426154,5,82.89198261556955,736.9335202507447
OR2,0.970635055470839,2.210167586619453,79.16868240337284,0.7410724547542347,5,76.07431026460405,23.789324487032374
NOR2,1.0227860907137138,40.70269739534706,89.64017366657997,0.5545438429785136,4,86.13976689149627,340.5008585747658
XOR2,0.7227925789743344,27.292331311402393,79.53628521336417,1.7913042804859047,5,100.3145595671189,239.32061976840208
NAND2,1.1729854449227997,14.632642166372285,30.120634919032906,0.223312493273018,3,105.9319658029525,123.83644156964378
OR2,1.1210826883251905,4.018791279330993,99.55030853527727,0.4520337420393509,1,78.90356212647805,30.517741911337414
NAND2,0.8483062410785465,8.96242235824763,75.53320333358803,1.1515928584961328,4,107.35083658981664,63.4712779004661
AND2,0.7385937651132339,44.85665908381841,89.77090747902298,1.0244063187932504,1,66.57071565392984,262.5745406584183
OR2,0.7849435366095285,34.61518697285866,75.26398049755353,0.20620179454443888,3,36.888448470868695,488.81103202080135
XOR2,0.7634722068774863,13.245184360207602,74.18113223224559,0.1336345646684716,2,106.20882152164211,314.3061882236504
AND2,0.7616418896494734,4.214437482306447,42.178910947776686,1.9775677308869617,2,67.26937515250502,17.49889131852493
INV,0.9592808443328669,34.840150306945176,52.8713715141149,1.3586092366746156,2,109.20582257023194,114.3850877237757
XOR2,0.8229237212467001,29.04797857242049,40.885269194395576,0.8069635260949268,4,9.61929860431684,211.0710829665768
NOR2,0.8790698582645722,20.821456698453517,44.566629562534246,1.0044126256068937,2,50.71431142724209,97.35310608953978
INV,1.1947526666921613,18.81696101031313,122.29773804203049,0.6211142264540594,4,113.99757711168384,104.97404970309732
INV,1.0421571244626724,11.623899520526306,40.31134457721984,0.7683627133432342,4,33.70976066720482,42.26185943030861
NOR2,1.1744903335235006,33.81095157033836,51.927042430520764,1.3402035984642422,1,113.27666829442666,119.0732285022384
OR2,0.7712782775165578,48.56273336189965,84.05896577385849,1.7796861818706569,2,114.69878302986375,279.47395909220444
INV,0.8910697374162846,9.610047046004468,86.01785762366418,0.4661644433926275,5,106.44636613597402,70.80615634943766
XOR2,0.9773659016411771,30.258714380759663,40.39741297438291,1.699879630124399,2,69.82182518572935,128.81432316252472
AND2,0.738379030944369,21.785067731552832,104.37174257852124,0.34852646349434585,2,79.39803664427343,265.08683899919134
INV,0.7020937218139789,22.88774736548858,103.5202867912825,0.5241853803461755,2,105.00595482173496,184.3062008603747
XOR2,1.0352171668984587,13.453216726262905,48.73177042038911,0.18988954153333443,5,94.22816447475621,225.32943466252183
NAND2,1.0209097584007176,41.43160890740953,53.86663026754604,0.38472630073483893,5,77.46079268737233,355.63355918014065
XOR2,0.9053944049998058,24.777524603214815,118.7987865459497,1.844529913472415,4,117.9598319051308,177.51666298602052
AND2,0.9448220380160163,27.626886757714942,107.5671445979478,0.9837448436425517,5,83.85281317837483,211.49381303010463
XOR2,0.9077215002960448,15.933284727068962,94.77970330625239,0.26601182014330466,4,117.18042913149253,288.0743676400483
NOR2,0.7120025224224444,9.908614817680538,33.22332215106005,1.924286455513247,1,11.599674579815435,37.98346365702528
AND2,0.8676858031087311,5.209609021938204,66.82640809025757,1.772505538586262,4,20.980442635354432,21.27637417439573
OR2,0.7885411276986449,35.99183790532088,80.9301872076827,1.5388031392321055,2,56.91776729005642,178.60047515611427
NAND2,0.7492120945506844,10.615479802704925,43.741128798377694,1.8749288488614086,3,49.26113800169624,51.24209022044016
NOR2,1.1783602169446747,34.81369235525109,69.82265821082245,0.5338433111712365,3,95.0145067560582,237.73599897638618
OR2,0.9996798625210828,20.12844585630074,85.102587748869,1.6923742708589622,2,23.47061304395843,68.41612629208643
XOR2,1.0643281421183013,21.37296524849292,57.737668011539924,1.4171834491460955,4,117.25094559782119,134.4817547774413
AND2,0.8576818716330588,23.989697308545814,103.09448189504872,1.755147389187254,2,41.232575655005114,98.73913241749483
NAND2,0.8965735647470076,19.017716898249617,109.04495816388055,1.618193743596144,5,54.326226390118336,100.56786577186078
NOR2,0.8184619969483617,5.930378883906914,57.36094694340708,0.771410718772431,4,36.595678730602636,48.50989001547521
OR2,0.7484828354827123,16.171958690139444,108.86571544924571,1.5758692495924405,2,71.62681599255293,89.80043831091065
OR2,0.7895158187207918,33.52298367400298,35.357656610301504,0.6134178496115937,5,11.742300548597154,259.81232850749444
NAND2,1.0987570226482428,33.623435671974676,108.77290986226564,0.7377532664927431,5,22.21291314060161,188.8498119990605
XOR2,1.038772902591888,15.024991054759724,40.27504316676166,0.32286274837919515,4,90.76673589315328,175.3453354412409
NAND2,0.9734644379927384,23.54502870132671,33.292715250972606,1.8779440380432812,1,26.44756709155245,49.443873821245184
OR2,0.937544936433384,10.478914172584936,89.17754044410113,0.6670863231925293,1,32.084161929016226,61.206989464670194
INV,1.1612171418280621,11.308231994961954,72.19373657552943,1.0987702345223294,5,96.19295710835634,37.680724483845744
NOR2,0.7363674738893342,2.129307331923763,115.78906004128328,0.8557057325564421,1,15.729635511084163,7.785049242041269
NAND2,0.8403004066189579,44.94058094547949,61.31891960908492,1.9246648666969828,5,55.3094896186467,201.98362002676876
OR2,0.874968926785357,11.324626588670403,53.715226343762865,0.7498924413643469,1,7.652289504681104,59.86206936979937
XOR2,1.091212906106394,12.149159969886703,75.07349061441984,1.5836661442746554,5,44.88285092155894,72.39093796821876
OR2,1.1962573100809857,14.700470199611459,70.59461857686613,1.7281823707066184,5,85.38286130023677,65.59183285202626
XOR2,0.8203352573785765,7.242995513076021,59.44280462171883,0.9389402152642159,5,15.361877167481255,54.36644540899534
NAND2,1.1371536670685403,32.32388127588678,94.37412986983286,0.8309630111715107,5,107.1584820795574,209.87822989207973
XOR2,1.1153113802158956,4.6820047057017415,100.95618339139082,1.5257621433533406,3,109.59238993818235,27.78798908221341
AND2,0.8123286988208833,7.575918889991163,110.29839690301367,1.83624444297572,1,17.073893139390535,32.85800280089944
AND2,0.8996662900996113,32.59307960291455,122.28566047103429,1.539271658175808,5,118.93423018321432,227.59915486559754
AND2,0.9048364346462595,17.643370403590694,51.665619213250444,0.5469975673127073,2,39.21589864048123,111.38483250456896
INV,1.1891103342632792,35.689443508358266,96.60934824899616,1.790018565182886,4,14.671692180134695,71.15393287330505
NAND2,0.7904459506894491,28.31381248883696,64.42582354957452,0.8486535347812462,2,5.582718167185162,132.0224855278753
OR2,1.099578985552391,13.54503748001414,92.70819719511081,1.2033112941425164,2,51.9801330128442,56.449556004737026
OR2,0.8670963570865549,32.890569573977075,72.59816903492204,1.6830989642702967,3,77.42814835620354,167.6936597175665
INV,1.0654351728880802,6.697410334351152,124.37731027679317,0.47418216271292535,1,43.200613738881025,28.003863679164965
XOR2,0.9100055021478314,27.284108770921492,97.890213579075,1.5948790550737997,3,101.22249702958162,179.80804449320394
INV,0.98917988155827,22.420257147206698,120.24913004343244,1.2407860600720737,1,87.40972168998076,71.345470139299
XOR2,1.1163058866630655,14.125805558054598,108.49695494811857,1.7994822866359033,5,45.268576176323755,66.14058101421207
XOR2,1.1020827824919421,30.596244889235507,115.29010111633711,0.4433043554658607,3,89.44561165998954,319.3436008234415
NOR2,1.13321159176985,43.695346024673846,106.4419197214675,0.9108826056369455,4,113.15608975146372,295.0590475123216
OR2,0.7298086626723295,49.94633028839076,70.91591303759114,1.6857450145896542,1,15.706039832446965,204.54259893679995
AND2,1.0460252765198723,30.7803756684278,50.17884533468844,0.15615560249870913,3,40.20195541812594,337.39124850972325
XOR2,0.7699936883608813,20.830587842129336,62.03201754505222,0.33093856951940853,4,58.28248299841973,310.60730595817864
NOR2,0.9079092840092055,12.035147910593878,27.023623263995045,1.982262599982661,2,62.268864691798385,45.25844031345677
OR2,0.9742942075273442,13.597708380360476,77.39931674646672,0.647141055749859,5,67.35249916189846,113.83771693157182
AND2,0.9013697423734153,24.493293929338517,75.50578002704087,1.9540212042010323,5,39.572094251944584,102.47309290793405
XOR2,0.9598058379015038,18.99660736275475,77.52504648304883,0.46315931589630693,2,81.73485928797015,183.31541120158542
XOR2,1.1982631543993096,45.776911608622264,122.40312249720638,0.7988575528537909,3,79.18471790593041,323.41974892417403
INV,0.7676086568564273,19.046477915129767,116.14540034548394,1.5353945556667128,2,71.44947322123559,73.18528801480028
INV,1.0377280226682126,19.298784966126338,41.1712778330108,1.3566234056077755,4,18.08259799675081,47.57573958679228
OR2,0.8980004831928076,19.79319110926487,61.888252155588916,1.2125101118666244,1,59.85130747603362,88.01436729288697
AND2,0.7665048994536643,41.99439030801525,67.3956179463262,1.116210450513414,3,45.96609206127819,244.27926704039027
XOR2,0.7793683816871547,32.88862772149819,61.053291785164774,1.7056680340897115,1,61.4694240313841,163.65029077115912
OR2,1.1746365531228085,31.094273665625742,104.8495963603913,0.5617032981267783,2,111.01464008422799,215.03587376053832
OR2,1.139800748355881,17.373008096809247,77.4037669867587,0.9518453427478146,5,60.26110446321695,96.91902445244519
NAND2,1.1535209802075108,41.07730466478953,82.2099816971625,0.4122503092541397,1,6.607791061543862,176.24435217277394
INV,1.1957663879136933,2.8798292064293554,110.30135589879255,1.2403701999737242,1,55.46622487967505,15.666061437866546
AND2,0.8041576950042589,43.66906144456755,105.59281534153587,0.5910235176300819,5,99.37454070567894,512.1934814544771
XOR2,0.8777196686820308,26.12474508990255,38.22115228202997,0.7476230809655653,1,94.70700617008934,183.90218622788825
OR2,1.0346095149624333,20.51426150830723,96.39145840836343,1.0059513472522328,1,64.03985845574081,89.83197578200351
XOR2,0.9419012699303235,25.3611967551666,68.54361289020355,0.17032870112188034,5,33.723436478821256,433.2450108217949
NAND2,0.9091947666891667,33.70336099615772,54.46489030625005,0.29284331953117476,5,58.48519623517269,359.8950120208548
AND2,0.8789056246677964,1.6255058993769707,30.001882090218636,1.4095469349314527,2,69.82575523309204,12.431570196539528
OR2,0.9968903159717261,43.70604096645414,73.7249560345451,0.9264635637489136,2,119.9852154015254,264.8913120680546
XOR2,0.987796714320041,22.89023674025825,60.54366807245314,1.7458056173598033,1,79.0804803694784,91.096938255844
INV,0.78072891703212,17.80535946530383,50.15130396764008,1.4259833668510948,3,84.84046695720055,64.17548956560125
NAND2,0.9358699187592194,7.774032716068798,94.46717295969576,0.1352297702969662,2,61.517226510325976,102.00625118400174
AND2,0.9767358881049248,22.533803343563665,101.9485387315587,1.2794191818422134,2,45.76629833999093,92.04317712691483
NAND2,0.9851434693656952,25.319815792934563,49.478951902942484,0.29620274819226683,3,98.48959311942869,227.78051828967764
INV,0.8050535964561758,20.77868803018041,29.944743667934727,1.5881543780061291,3,61.91721729901216,64.51704226670704
AND2,1.0711356961261433,34.25434459751796,109.8752700565235,1.9840344539635837,5,119.38936494592039,178.44060885787215
NAND2,0.7125995474105348,21.623929909202076,25.995974120430333,1.1186537331740416,2,57.56886604082507,102.11996279006968
NOR2,0.8774159277715813,48.1094613144821,118.7112493921472,1.403625460364965,4,12.820032619471398,246.38140706089348
INV,1.0901063242678166,30.364598373356,87.76198739827059,0.5661506224821329,4,83.49648576535952,155.92905844682753
INV,0.9819464605277011,40.56641884694354,57.18466352013203,0.9426837582571318,1,10.363766856468272,104.78884947413897
INV,0.83058121625543,6.358439252364463,49.64779095767362,1.7294592246044012,2,33.80768364174088,4.510363031527179
NOR2,1.0474765596715239,20.46727335434938,25.900566426447526,0.43475514176295227,4,45.67989906968889,142.21390789515067
NOR2,0.9836954720780366,17.50553737091048,48.54714170108772,0.6192069385538728,2,90.04061234645268,112.97679760196888
XOR2,1.0981218047281935,28.904637018693,38.77283015171411,0.9574153095377367,2,61.837131536875475,137.53134739405508
OR2,1.0675125930949116,43.194562483009854,86.21662207231456,1.4590279166667461,4,8.29428210067951,167.75940159746966
NAND2,1.0050539610181173,4.838572670338326,41.65455885938013,0.8266618350158668,2,75.93773289673105,23.17237148757241
XOR2,0.944088837655407,4.556165104190828,77.86298375366194,1.8641366859920472,3,52.31516730406617,21.70277887491384
NAND2,0.7665910628337617,42.665567699722345,84.01164223444708,0.297579256385192,1,111.01096864621732,478.75764736784066
OR2,0.8306665089426919,11.429654215879514,54.80416983469145,0.8171118913843133,5,62.449665781127074,92.92772601018811
NOR2,0.9095497364585425,33.768909468040874,28.50649490187187,1.452833752045433,4,86.53214178302399,170.8772292080734
OR2,0.9996496435031943,27.601028485679453,28.72538806141961,0.5448551194436058,5,30.169876617897888,191.02204750868998
NOR2,0.9568539276076524,41.811786149474244,27.634733219391762,1.3540566923517852,1,92.51195992114012,159.58563472657468
OR2,0.8440922629797647,7.129356581983773,98.91246671365462,0.42872788146741037,3,87.90986070562232,77.71650151243799
XOR2,0.7032321788948552,7.359365320407953,56.800970481429815,0.22524293553997038,3,108.96939648225045,153.6286507910873
AND2,0.9481196109504069,28.28409965363707,104.63001859676636,0.3475095474874598,3,8.889488797707909,230.1907891648565
XOR2,0.8428129942811216,47.37255401456017,68.17328238428492,1.8683713922921732,3,56.462580226006885,248.02270308460356
NAND2,1.0673041503552674,21.334890160166957,70.29981008299639,1.1572916599263565,4,83.10287131505747,104.84102245963554
XOR2,0.7119731326352416,17.020162912480053,76.28826025095738,1.61713005790174,4,15.943848509224727,102.58528564994288
INV,0.9924139056528953,30.727776836696407,96.3031456375104,0.7453904617014963,2,52.219467722124925,122.85303491469357
NAND2,1.1707371187530327,46.591981426706525,52.3502865829707,1.2341982580246396,2,113.34685935261247,160.87755079383857
OR2,0.7872046335557497,42.00946380938656,37.15873495335269,1.050510011365384,1,55.13246645247975,205.20594545646034
NAND2,0.9358247453752977,49.778696925927775,80.60573351914616,1.8979873636763127,2,118.32155010027262,203.76015627270587
AND2,0.745710995908569,2.1058605769164775,57.697762324273924,1.5254403157817273,1,11.536492024179257,2.9245326503333278
NOR2,1.0128409561306762,6.530049090925349,69.24913136680374,1.4934201472135686,1,87.55042425620249,26.095400895259747
OR2,0.9752658402981127,30.863920404964478,89.69467083373054,0.2071441465364455,1,71.81686716855098,335.240326809077
NAND2,0.9036827621064161,41.208245527358635,74.41257411412707,1.1533789777269392,3,62.562062870194424,202.75100207410065
OR2,0.9606885107368706,14.97697277303156,87.02788171008429,0.9979439333354119,5,116.64745117077608,119.786752976439
OR2,1.148287329234505,12.72134331367672,79.42000021136279,1.8643434612196457,5,19.90979605647979,43.6270353922334
OR2,0.7981471511555335,39.56181416967884,98.97963719360992,0.6038029377963205,4,108.03987944330504,454.6680210017097
NOR2,0.7112822558526736,3.7627108388083474,95.593661771162,0.6272868921872573,1,84.49264728071019,32.331574346444704
XOR2,1.1308324423495504,19.09974973154667,78.41898918086191,0.8933309478972207,3,34.78454842945776,107.74296441521682
OR2,0.9885585411939533,25.78465190702416,92.89030208597069,0.5775350612039869,2,108.69195174771374,203.23749644498739
INV,1.145329227730921,28.457085043165847,112.35596022726128,0.362865765480449,2,54.368915554016525,139.83204375944445
AND2,0.9984726117065863,36.702142682846066,68.22712877881686,1.7319399117035055,4,98.63614272840314,176.33145358950387
NOR2,1.105080544979851,18.387440448102254,66.27630727487937,1.1695598658793618,4,49.716199460450994,82.18064812024116
NAND2,0.9148366816775739,31.021532889055752,101.42456208523801,1.7393619116383454,1,102.85704515482271,122.81917385773673
NOR2,1.0749299656441345,29.68339571675686,83.2553837041994,1.6825333589589482,1,78.2123486211806,101.43154420926837
NAND2,1.156520733444928,27.833188932033607,32.100678022258855,0.6502396270045816,2,21.220362862128624,98.98420791014291
NOR2,0.9860614818611031,32.3836813639684,114.21120156910814,1.149746395329635,2,79.71126379899567,174.157921549238
NAND2,0.7903925752811898,13.71300938233574,28.078310223764014,0.27644928115133244,2,27.00464771071535,115.14344085310057
OR2,0.834398807515099,5.14778892564682,99.8396356209743,1.8406735419778257,2,52.371102207828706,26.91398558531852
XOR2,0.7993222884487028,6.844311929947428,100.87941427043128,0.8800139043224878,5,24.583992188983878,67.86344080612459
NAND2,0.8234285137978664,12.004536750041153,120.31110852819305,0.8601112257113601,1,7.5318533017186375,48.342093889300486
NAND2,0.8532077246755181,25.509698840616476,30.413440840232077,0.689180096761752,1,29.36695203674511,106.62378916247926
INV,0.9775668933765942,42.18169477675499,84.6856860784491,0.9860478400561231,2,66.68278272827446,142.79992696870076
NAND2,0.9939958147319163,35.36337376233082,67.7840570627053,0.5933076467054423,3,60.379511294394796,210.64786171532793
INV,0.9132498736209305,39.66298960590031,58.0632954859542,0.8247222728579925,2,62.67216598664732,143.8628276759293
AND2,1.0077103899104176,18.197805572378478,34.0318560299073,1.6239004513395778,4,33.48399102135915,67.31192478581524
OR2,0.740787462805683,20.82803334077896,81.26541196713092,1.688400346740123,3,83.79353807063141,128.55350590248878
INV,0.7438941185290799,20.29041241354003,72.90407256746137,0.6918630579416103,4,85.99027798433977,133.7313645357208
XOR2,0.7859147301788292,10.401786035820574,35.45544581510243,1.0017471294392413,3,46.16629993936154,70.29216677743085
OR2,0.9590387490201724,3.999616249035029,86.24895070970834,1.762781179406498,4,106.33456017453005,20.283396718631618
INV,0.8069973393491567,29.954888548534115,98.79531202529385,0.2190258638398306,2,79.062669913088,283.6314280827965
OR2,0.8416422017462886,49.47161748760872,101.72783010536483,1.7915925285520764,2,86.99951665474265,257.48856723942026
OR2,0.9001564180864969,9.17465554256288,115.53731882624274,0.5320665698263836,3,36.894090562978036,70.31231001769987
OR2,1.10593306200519,3.287556175064414,65.94707418887772,1.3956537791230266,4,5.0703380428925096,17.000881983441595
AND2,0.70693106795643,39.197052409372716,120.3072768622137,1.2151971892030484,5,104.5181953917426,392.1991988911884
XOR2,1.0246894101183113,13.376714327551486,111.5429405082686,1.159528606595794,3,99.57880422667797,99.15836749304563
NOR2,1.0344382655203426,41.65254646229349,54.650157102393905,1.735597222535304,3,19.167067124925474,127.62491407551921
NOR2,1.0993278901783183,35.49289668469125,40.92830373494585,0.3109556300519632,1,48.022090519975244,216.74308779981266
INV,1.1663764695301566,47.33800331548942,68.53893961280134,0.7724126876121957,3,81.054020464687,173.38456869159793
OR2,0.7100689244746449,21.037434552076927,65.18987079559666,1.1319151631281592,5,79.99274858015374,182.8761695347899
INV,0.776891852756608,33.43652213308107,82.57193053312044,1.6452230454185548,2,103.940288502984,122.32003349066025
AND2,1.1430856470279964,23.777884259850264,83.3386232327748,0.5269129968139424,4,21.130838588074283,140.65801630564528
AND2,0.9292592810935076,31.89884616811863,99.99869843799752,1.6295081017836393,1,54.44307099528866,112.77779023888873
NAND2,0.9822953194667317,23.03034639437913,75.98899482056102,0.8713203470885992,4,16.180808061538848,110.36862922041745
AND2,1.0315136018615736,10.242980074779666,35.482264094076555,0.47515805009534734,2,49.80345357044224,52.84354599412151
NAND2,1.0395333022478186,25.886973384165664,110.8291335553106,1.5468945080337473,3,6.737356242586004,88.3395680226955
XOR2,1.165870201658254,26.900625870434673,55.97645831851871,0.2908899347721499,5,108.3014024876646,344.00956612253225
INV,1.1984747087058347,40.719588564747895,122.1297460306592,1.0877626632618327,1,65.61005963529833,107.27555484559936
XOR2,1.0600787304654702,37.04051458388548,36.78601086797701,0.2400864736603502,5,102.72725999227067,538.2419434999197
AND2,0.8436106046025753,33.52578957313076,120.82511722325032,0.7900655676966406,5,11.889040615386833,253.34352155665783
XOR2,1.1398762011471717,6.555967682076054,34.101180688251695,1.250024382132018,5,31.157682704385874,34.0994712271221
XOR2,0.7246104572703808,36.310198242522034,48.10361379470594,1.1654972179959606,5,34.82869945043577,294.2900576200143
XOR2,0.8155404264372481,25.514952661371225,29.65799420865416,0.8807521856607731,2,49.46952188346062,159.87663226031222
AND2,1.1486928587318574,44.810877269201804,95.5113146638995,0.9266102286675775,5,97.3296328257178,282.6056556790795
OR2,0.8280957572196774,46.0736757723966,110.02987365717918,0.546326760299441,5,49.45415547912165,514.6070107210186
XOR2,0.8103255298108742,3.7026729394874875,68.40710818159805,0.9770592662373134,2,28.535155909327603,27.180575057993245
NAND2,0.7690626465701236,41.21143645736946,117.85220750424297,1.9121191287551682,4,12.473879938958369,186.29082435488414
AND2,1.1295558788234583,2.8471721307108604,84.02990717555996,1.718851485433526,2,14.141551060559058,5.441830322220241
XOR2,0.9500291295955433,18.99131165905611,88.00071354465231,0.39303779386352633,3,92.4054286855124,223.050577120711
OR2,1.0374466015270774,27.57269880543288,109.54192017007699,0.17598788016333133,2,56.152343969212794,340.99623844341426
AND2,0.8195331920375148,8.256939132729244,54.68002050518389,1.8750257079072654,4,88.51082903000176,39.067342014665996
NOR2,1.0790202105056081,37.569376815884766,60.42657213276258,1.1102895297758055,3,83.46301900282522,183.25968715952231
OR2,1.0800027724810493,1.40938050443479,115.59519191946444,1.1311351075206986,3,20.566683102429646,9.718079956710138
NAND2,0.8562990124541501,9.261353373267806,115.09634960387638,1.587749831928262,1,21.432112432110728,37.629762430899675
XOR2,0.9053413165051414,29.459044662820308,122.64827762008709,0.7116152708780938,5,91.8643317749254,356.578532320619
NOR2,0.8048451387151003,36.004990539827325,115.18383164416711,1.025986229411684,3,87.94585375082298,277.69684535906356
NOR2,1.188280511661452,45.91551203200189,37.73720360333609,1.9410862767158665,3,48.47353819054569,126.29648899454092
AND2,1.0228012885292057,35.56933594479657,107.37242861369873,1.3836395314329253,4,13.90356028327661,150.4427209693136
NOR2,1.1672719403577578,33.91718424248843,65.9838478109594,0.4090406601520775,3,6.391272495322003,191.05335252567582
NAND2,0.8516927718145666,20.322716171182552,124.08013559459378,0.3704662862105842,4,38.13804918810066,204.30853561816036
NAND2,1.0909454564984449,1.0629368508132693,72.22809643288011,0.5040177456660501,5,6.060561462531098,1.0
INV,1.082929321942371,6.887803678045476,80.38360825022207,1.561417947910949,1,31.458351426925894,16.507576768433008
NAND2,1.0458278259332707,27.193172693045916,77.97749152567985,0.6753087672203582,1,53.24258512430393,120.33085818379237
OR2,1.1828194876334002,34.081364406376565,57.17370298582778,0.16021103174915,5,18.962813010874733,382.93310442300134
NOR2,0.8967776680531577,21.454965910926663,32.502208889291815,1.8950478033906442,5,16.991942150627818,80.46808698233967
NAND2,0.7653586617948787,36.80327156489112,114.56512304019185,0.43906122282243204,2,108.0903051076547,397.3669342228681
AND2,1.0358544296220304,26.571252471276757,105.26758125262869,0.13796938995836894,3,72.32905333763226,395.8783299356117
INV,1.064654900238603,4.634633584121298,38.95267805596693,0.5658074124806471,3,112.46240397771987,27.62142064766159
NOR2,0.9875302867294073,10.408796297429493,102.67682713500729,0.5618541197820913,3,44.77000883535311,73.80384067240702
INV,0.803408946566698,42.159912938953205,87.584666605061,0.9133698715899593,4,82.87166779285376,227.33249393590714
NOR2,0.9522279708346777,36.52072458459754,65.91437879176223,1.8503328832200692,2,28.539542581505895,122.93471906093615
AND2,0.8560948682845646,44.84333736361226,50.402114909556275,1.7728676454247039,3,76.10913648719324,194.8876406380913
INV,0.9137332640833444,6.760305206925892,110.97287835022325,0.9789617633669645,4,19.90235895114821,25.112168942852666
XOR2,1.0226092879223319,49.52090419613862,95.01882592940531,0.8924918213845962,4,5.2392735052728625,302.0671057296469
OR2,1.0726073713454172,11.260928983546746,79.77399094691368,1.1634170825727204,1,112.12615716210159,48.421160758430055
OR2,0.8161123454506716,1.5772139380454586,85.95685338984642,0.5776935425069196,4,68.81285326014907,18.932635907302675
NOR2,0.9026626803234766,49.873724013624155,34.106618208218094,0.21810778489676214,5,111.59817621993454,754.0746846630933
XOR2,0.8345807854958145,14.772620386810544,72.39197609111919,1.8857413760018684,4,43.39062522573828,83.25849666271958
INV,0.7993158069309345,33.73295317311543,44.3700292785702,0.4709940915690847,5,42.69539795360203,220.39420636121784
XOR2,1.091693609997919,9.657433394638955,45.83836790088254,0.4929933709819468,5,51.07532520389864,81.18068188271677
XOR2,1.154626347218496,29.431198077757944,91.13039622868668,1.0082254182454216,1,86.19471315518935,154.80535479426544
INV,0.8851160928422883,45.2977143362734,116.1256151834288,1.0442330882998216,1,70.06799293141003,168.1922794665341
AND2,1.0756394621868834,16.688877203993492,65.37566104783465,0.15465631423739484,4,111.41581431639857,245.18403522912163
XOR2,1.1484976446822055,33.842444826173605,45.77492730121904,0.3981549088950649,1,7.925703630230526,185.30476679735224
XOR2,1.1230621052651157,10.207275851122409,89.87469372366542,0.8309310588941944,1,86.44253286684169,61.745782708586134
AND2,0.791406694269613,31.614974537217538,112.11870463503178,1.4054137037998133,3,42.98768427715375,177.13446035143696
XOR2,1.1781459407566806,17.486067239058,99.83188011224908,0.5494266988440394,4,25.726869959123036,135.27682401733765
XOR2,0.8883382202147312,11.349204670809632,111.87572305365872,0.9152671589345137,4,63.69549658981138,103.55675904312393
XOR2,0.8696203305869181,16.34592048447812,78.65546710107994,1.1678087216669575,4,63.08233518069954,122.27745506836388
OR2,0.7312156636388901,9.763212356882168,100.1876244369191,1.790553889891789,1,20.756268299169268,42.36276643193846
NAND2,0.9430868270524415,45.193889284056254,39.00645593589365,0.7330125443749917,1,28.218046455282334,189.24724165340675
AND2,0.7545068078204643,20.462157429539314,59.82746153631915,0.37108953982334897,5,51.938936463678814,243.92364545266
XOR2,0.824269910463713,13.018685943744,63.95491644815225,1.0398317846875034,2,52.01331242511626,79.58169265926962
OR2,0.8584713108836406,22.97198420978071,76.12957462460346,1.5238366111660366,2,41.51918605626374,99.89731217796354
AND2,1.104413161745842,16.706272173518283,117.90763602568236,0.32653634325913883,2,22.082692423647806,124.84771512693354
NOR2,1.1377443251979482,37.47654343685297,112.42965602221743,0.9184049643902855,3,5.502973096612645,152.96722633498322
NOR2,0.8512331587307348,48.589775682389224,38.45254922891846,0.15343606557346884,1,116.57703217922237,664.6213105670149
XOR2,1.129349060622287,22.463649178184696,42.27896518824632,0.18309126149683214,5,113.5024114159516,366.9532690717126
OR2,1.1286154686848955,43.19063659863978,60.76405495889114,1.0279523228473313,5,60.619793605255545,240.29089758065095
OR2,1.0823254751924367,28.727290604421356,54.074386589067394,0.6806109205237473,2,119.43095162662566,178.9255069255281
AND2,0.7733475570075907,8.704547589617441,86.47709531562623,1.7088017221301748,3,82.47024803995797,43.492721649264695
AND2,1.0451614234503643,34.84051436198574,115.2776047764545,1.252050095517734,3,12.918616824867277,144.6198666758681
OR2,1.1725120322902844,26.158290359165186,121.22915416725868,0.9733939680768218,2,18.537592894502147,114.9372063694204
AND2,1.0412702393835784,32.87971963935307,90.36029525352265,0.8869184975820771,2,110.35274704500834,184.52782665811782
OR2,0.8658084245539169,44.59468321601158,108.81592014010867,1.054821502756379,1,77.45600324720726,258.6913499398327
NAND2,0.9502896587154156,22.58129396214626,77.52022002307972,0.1960250026798033,3,101.96611706559538,289.68628257042695
OR2,1.0228625216755267,45.15770353765043,45.832694686003975,1.7984515100708405,5,108.30100970789209,226.07128281177324
NOR2,0.9552852043642517,37.78278169980109,77.46884120934774,1.9968099327798416,2,56.5133312974744,131.14016554633642
AND2,0.7599764708654848,24.941641368021255,80.50826014376511,0.46119579473435346,1,10.5804844313197,174.28028259443604
OR2,0.8560320223260103,30.557884647240222,99.24575642135565,0.3463199737762851,5,26.652240123192033,369.7459075572185
OR2,1.1011980152768162,16.95347549343156,46.98829897073491,0.389925631283359,3,12.655773939780037,107.62682252623445
AND2,1.1307090230477588,49.196267687199935,61.83103820867317,1.3627308694806102,2,26.705082255328342,141.77317911418726
NAND2,0.7686500163577851,33.7002069894694,61.40274692145663,1.3635087762874565,2,52.21128654242583,145.96492795966782
NAND2,1.1761933761993624,3.148495772334865,120.94395957411649,1.7140974250834125,1,18.592633209223326,4.942244687344772
AND2,0.8644113089243046,17.004473381652428,69.3944960326719,1.5334336102413562,1,24.174323497614477,58.780577221821225
INV,1.0311568693653599,31.542407254193815,100.50939672981465,0.9654165859343586,3,56.26950493824311,116.75259890855982
AND2,1.0759125729783405,3.7603306121627504,100.0811381374439,1.2721680797427994,2,44.119659294676296,10.239561801454718
AND2,1.1059731173189418,2.1703253746379954,51.55441848032414,1.4139751802918548,1,58.780684281624715,7.7299906874828865
NAND2,1.172874851112965,23.051187736862325,82.1869689371732,1.0839445641362233,2,54.35478319229213,84.91096894893208
NAND2,0.8564597740144113,17.30181880494083,114.43028933186481,1.0142238507690768,3,79.1149729876866,113.35720485690547
AND2,1.1292532272757771,22.476631793625128,72.51977194569494,1.332783197808188,2,112.77679812072327,90.67320824088257
AND2,0.7658434517181034,13.871972184120253,119.5117507342546,1.1680521520742289,5,17.404398921087886,94.6131585308138
AND2,1.0525204531767964,9.071169600206066,46.44582293241616,1.3306115340315114,2,16.414917170557416,22.236024461845087
NAND2,1.070988864756993,34.768024492036545,32.415910577403075,1.272166975051124,4,103.07270277545373,156.40281675977303
AND2,1.0388616206006602,26.213984697122225,114.14538731447493,1.4720895337656708,4,63.2356210350328,129.47173560652388
AND2,0.8261573680675764,10.807556351218974,109.76811979622167,1.3284705965118069,3,93.13657771037086,62.90931198995894
XOR2,1.1365215735076015,16.659881886739917,124.25898759338448,1.0971158745020624,3,29.773518914837364,94.46750747367686
INV,0.7844292316851975,29.99858747550297,92.93934881124261,1.4017780052146467,3,100.31919591426845,136.01815381887903
NOR2,0.7268173957604154,4.539238065351414,118.66879266671495,0.9650260945486047,5,111.24236178216003,55.6144016146983
INV,1.058732495305956,8.225197454042798,107.69490250841109,0.5743419048284899,5,78.08054678784615,46.121743739143156
XOR2,0.9377378576163669,4.5890346012621155,109.44263331200868,0.12266625385176105,2,17.176087469487257,73.51497572442135
NOR2,1.124549009979338,40.803549302991826,81.91415704542683,1.172732596634185,1,107.95890362797897,166.59582381833127
AND2,0.8916985705291294,37.868052427388456,63.23645979167109,1.230431826024245,4,96.13608864755821,236.71141375883528
XOR2,0.7841392942538563,37.9123336620836,118.45580725432818,1.9474520537783429,4,91.35094429916633,288.43598813372756
AND2,1.1182210962349348,36.09994183032538,68.21171756158945,0.799579268097238,4,9.22374172418029,159.53069758269191
NAND2,0.9744548158200358,33.79988575982359,78.8819367249669,0.860970496517226,2,96.88069040455169,178.96425436004296
OR2,0.7945978961951774,24.372603853530574,69.61143071251877,0.4993832129233176,2,20.864366203861056,183.168999388038
XOR2,1.060191999293223,32.47163001184863,81.48183139601971,0.2526044750461652,3,30.574410262642164,358.652298224169
NAND2,0.9555568192447502,2.879716184610758,72.05050789923271,1.5728724465800723,1,71.37050600996461,10.700921925126226
XOR2,1.00215649112016,31.451756710182444,29.796755857947588,0.589400400957931,3,35.47278888544155,213.5839446900967
XOR2,0.9304491691032909,39.11600757130698,113.20481860076987,1.2647411387364713,2,81.05504372587076,252.64590365205464
NAND2,1.1143544919090032,25.51755965883512,69.43938189157699,1.4130133068255053,5,74.92810148539438,109.60255121978096
NOR2,1.1147813578415249,18.51815309293461,83.89436485073487,1.0059249721082977,3,17.4372037715252,72.38417735052559
INV,1.0546944109121932,14.593910005247977,38.9187802757987,1.76754197249112,2,80.44167665302322,38.363245907101884
AND2,0.752700688698231,32.49730045794204,25.338784798263912,0.95433430104189,2,111.25481462986696,210.85966150918858
XOR2,1.1194269309520344,34.94725873286553,49.5290093643643,0.6556282113185183,5,23.52763909637081,239.1028767029
AND2,1.0355064902664548,43.67741239326459,95.45860321333502,1.80450918316785,5,73.66213240843206,209.34454080176994
OR2,1.0485120830021497,17.774370040588547,34.91945301128786,1.739740854389918,5,44.31451777271982,66.71155197347278
NAND2,0.8814914202019357,38.71884306189369,115.88874403864679,0.4283951005036564,1,57.85534225396446,287.29819319631076
AND2,1.1396397780785033,28.50643538527756,46.502256935618455,0.16880671450537138,2,38.005020594081536,245.97760425108086
NAND2,1.0626858001174286,44.25898804322588,45.459361429177584,0.28917284593728687,5,45.72502317998495,381.83870173497326
AND2,0.7562952332645971,26.86279330648542,43.150796162149554,0.658709109281176,1,8.324859675654087,140.0141363204881
INV,0.9038890172030813,26.363861591500395,26.398171297136475,1.9478484272744159,4,117.87844986048037,90.1682880053944
INV,1.1431901809800709,29.315976990604547,102.18054684782346,1.170010367942351,4,76.85199103836605,103.82360272289124
INV,0.7235983508486894,37.71645240197929,112.50345312452585,0.8217320562150253,4,62.581142906796806,247.09008024308844
INV,1.1807083098210247,48.26983346259458,86.41627026161989,1.790786257871963,2,49.12726519253757,97.42000397631728
INV,1.0395812841597813,4.604604356572517,43.81999816798623,0.9718963031795792,1,67.02807426476318,10.647948477376248
INV,1.0156879888216883,3.618295517159841,53.527799694087975,0.7126486213939197,1,48.71218985231746,14.911739913935318
NAND2,0.8352796282439956,46.93996653295959,72.59266973649633,1.8894927140418358,4,46.38941166177243,202.13475305821228
XOR2,0.8243958943695885,26.9639056503921,120.43459516233008,1.7170932124422345,3,58.353852298031505,175.8824206045781
AND2,1.1710291097442977,31.130247713779866,49.73513718177428,1.7060965457885489,4,36.738048872186944,93.47624777427008
INV,0.8491362271170613,24.638756478141715,98.16459039198881,1.0830953169344006,2,25.705738496180327,87.73655843483235
NAND2,1.0877526483594997,5.58921517776625,68.94482232929204,1.6041441897730553,4,69.00967829073375,17.89854112024497
NAND2,0.8965608991035395,38.63637954251466,54.78473483600218,0.4571843154173575,4,101.91802515728463,354.5966742526721
NAND2,0.769627035392352,37.61400760934076,70.59159370221137,1.197659160205738,1,22.575240438477614,146.25465437376502
XOR2,0.7053576488476794,16.273462753147786,32.12067175412325,1.9696303349533857,4,8.764449169485145,79.94716216865275
AND2,0.9721286685076254,16.00572301619162,104.86873709303624,0.6670018493737679,5,33.38335069271416,119.46341467370387
XOR2,1.1878894092744663,42.05422766437041,49.330192798296714,1.6133823789856292,5,117.66787399718824,230.31939349262262
NOR2,0.8845680969046021,4.545505629325004,97.54121231929705,1.0420994055511663,3,100.30717848048403,32.403804559224085
NAND2,0.8785961669965223,44.174152269471726,31.834837144819474,0.19483468445752417,2,73.5245961557886,451.1603052135641
NOR2,0.8720458089247209,13.576422804899806,120.5098556165686,1.5544764678934546,2,111.86362525296063,82.30382801557677
OR2,0.9602719186524291,30.056252640019203,44.30149854056986,0.436909991457172,1,56.20709843628313,192.2846268037373
INV,0.9203324417121468,46.86371477108711,113.27420762070804,1.3071703062095703,2,118.077269296145,185.8915213922535
INV,1.1399573133635073,34.228002575295676,105.94732096154344,0.281048684808309,3,39.07473518871767,198.6205439696292
XOR2,0.9527603958617451,21.307060810884792,121.7859924081416,1.9001107072924137,5,32.635161194332994,119.79988715155291
AND2,0.9538789190942843,34.78717623636534,72.78906609457496,0.6684409078990785,1,78.37554313190627,200.33230878002306
NOR2,0.7691857973602783,17.85500217950214,97.73972938459515,0.5457536203535024,5,48.487706314291444,194.86496466930092
AND2,1.1913697704551929,14.58566240111012,62.0710657037784,0.36277643964470846,3,77.03203732726965,111.66831168370754
XOR2,0.8249864454344148,49.837480618799304,43.43682380196938,1.8984841234774097,1,40.074484604808866,191.51336235414914
INV,0.7366820337298012,37.7887213278096,69.30759329334488,1.4583790357896536,4,76.06059953636897,168.49306973587196
AND2,1.0315731244876043,32.59127889170907,41.57490153884549,1.5143224707900067,2,36.710819967279186,100.30902427004743
AND2,0.9976831850784362,18.40919251774662,123.20446227863839,1.0588805753948598,3,10.861787914172343,85.5317217832248
INV,0.9075728269963728,3.40888062859736,34.62464911407164,1.0124882363085088,1,109.89562872116609,13.87383415628498
NOR2,0.911096116940339,2.521786925722625,83.92117234526204,0.32683993682397605,5,106.56859821544815,38.262824164436694
INV,1.0925319605232156,28.154881516991143,87.64638552540559,1.1725012596979045,1,116.64178716635728,85.7329428711119
AND2,0.7978563200498245,38.339603330913505,78.80795428740542,0.584203010804526,4,87.40062526546154,376.40676472607737
NOR2,1.1101266594724448,27.3315803317489,91.21858857118336,1.957033225664763,3,83.51293543955984,98.65346818076827
NOR2,1.024373556947509,42.198468525016615,36.61807750118909,1.6175721672284769,1,69.28535305860554,124.52543810624857
INV,0.9094848868897621,2.63790012156786,80.5018524205291,0.8964250731626286,3,19.483377880540107,8.453318075508813
AND2,0.9290143082919342,18.970851744871066,53.721257112736154,0.4045215663400821,3,26.762060759166054,145.49743265069944
XOR2,0.8283236035930479,12.616449167534725,119.01760633010566,1.5964235793409138,5,38.289014197341665,92.1926807949702
AND2,1.0760571663484875,22.916375439698978,101.20716534397258,0.349461082112874,2,107.36798169594036,213.17403151140243
NAND2,0.9564373711526338,4.546443266512002,122.25144821597426,0.4759474565744925,4,24.89149532935364,35.06332659290695
OR2,0.8604272713749217,47.752450436982556,28.755606974018953,0.5176585733591476,1,111.13041506610742,352.74466187838607
XOR2,0.998025057880475,11.939514652398685,53.51331751807087,1.1669543999534173,2,65.12035930091298,63.26205098809379
NOR2,1.1978672260256615,46.193080998695656,44.5422586638349,1.5996665095018885,5,87.2905080794033,186.95994385865654
XOR2,0.9176311398282768,21.86876459679741,26.11545873118305,0.7109119720024213,2,17.67811596826515,122.90320087669937
NOR2,1.1603457003893096,49.29068252950568,49.232573024632146,0.2791792508375441,3,35.938858109229756,355.38911427907937
NOR2,0.872508419962283,28.148860789550326,92.8775983520429,0.993332311425908,3,115.22963994086403,205.4533363869758
XOR2,0.7273663534624929,46.61081034461456,48.108892213456855,1.5264472533806788,4,35.60724389691911,297.1084984079022
NOR2,0.8021210531842144,1.2621004460169194,75.90034454826183,0.53672802500429,1,39.0999978449818,11.558278350171793
NOR2,0.9093475716638421,37.66370150286411,113.78181149649987,0.5334581503140235,1,27.72369925672414,235.78690285194745
NAND2,0.8098174642972844,45.24948200202326,94.37579203490752,1.9007868114118163,5,19.843471510285394,211.12720869732613
AND2,0.7001135191091277,7.84630778196875,64.4629069906032,1.9138090069840543,4,31.824628767209767,40.87722470203781
AND2,1.1575007688737635,5.710166734875423,62.24689389121083,1.9820755762757636,1,78.86759257434181,18.81759451166638
OR2,1.1219397056154645,21.804057752111824,70.57358140084847,1.6384000509605865,3,57.36728935290981,77.9275557418818
OR2,1.0711461157434736,46.75026640051382,42.704144105990636,0.4737862380357376,4,68.68192117885835,346.9874165742685
NAND2,0.7839072978230143,27.5769414493315,88.40007674159881,0.5185252591026114,2,19.071955308092793,187.17921193766023
OR2,0.760181788104993,26.845366722364876,61.41528191046055,0.7596234540620969,4,97.24339142373351,262.03150550227946
XOR2,0.7338023747361915,7.915179796666772,110.23653492620437,0.7180891589069628,4,95.17089056668252,114.28381915159713
INV,1.0620145943864605,1.0386860435677205,100.65526600578163,1.918272168266657,1,7.4828397814076695,3.8324552110787797
INV,1.1644039803439425,40.6968644465276,86.051316409216,1.6034590878175838,5,49.10423586868507,107.26119335548233
INV,0.9152679104565185,5.291153586325673,61.420222264951605,1.4811365292637213,5,12.908619226682,12.07103295785663
NAND2,0.759570335998024,32.05864111803088,45.99318316734844,0.4696108612292878,1,96.09216463272018,240.71253966452971
NAND2,0.9561964103660532,45.81620627124438,102.61518641056229,1.8299080516011796,1,89.78601355945601,161.0143066910601
NOR2,0.874415953729315,11.223943744763119,73.64090989910865,1.6763963134716067,1,108.72863084371295,48.18597841283097
INV,0.8874124621749988,33.59836897560863,47.475003817735754,0.4276466616964965,5,32.18645527960818,200.35180419091463
XOR2,1.0106653120778537,4.8562302586679635,44.51746150400062,1.7578002240866282,1,57.474026559696874,12.828177230589844
OR2,1.059359056631101,30.584002048043036,41.5400904501359,0.631825368376486,2,26.21610587390574,141.02576001318857
XOR2,0.7553017994365804,9.032654326706934,102.7161196205595,0.2720351221643593,2,47.692017464523744,135.643377140288
OR2,0.7177951154032381,37.06172446524372,47.89871853003117,1.3548259362467148,3,65.05797393019166,228.62703635435665
INV,1.1971651513428574,15.760333444901502,77.66422635251975,1.3491527596425414,2,11.13304083143773,25.85931284813629
INV,0.8163641744577759,23.706159431427665,70.15463609730564,0.298472177983362,4,87.2100972278993,218.76185040051016
INV,0.7269152624542294,30.372096559353462,82.96108992282839,0.7194414008007748,3,67.47873644267365,183.5517029162959
NAND2,0.79493766454796,9.39239712264574,112.71549003711942,1.9864911890404124,2,100.33028697922744,35.388425179649275
OR2,0.719478923174232,37.340253112263426,111.77473900817306,1.3954421339764254,4,36.254757636987684,268.0994290632757
NAND2,0.8959054473085858,15.829376691203914,70.10760718248596,1.4925413132142586,2,108.88192710596427,73.83154737075895
NAND2,1.1012008922256622,33.456221135724924,26.53662507347233,0.5202844969360947,4,119.84983909850098,228.95833914540827
AND2,0.8706222248788602,8.75586948426931,67.64438057143032,0.26811029348735893,1,110.71932041343256,88.31904710738316
XOR2,0.9220917034391832,34.717765301111164,85.61935374241403,0.6405751767129627,4,94.45763472081272,370.48202252669563
XOR2,1.0377933867837195,7.281215567712625,80.77647590980618,0.5879289641632008,1,98.42241233048479,57.62812134371232
NOR2,0.9544470350349401,21.842468317229198,90.13361058002054,0.5609429094063398,4,70.98058789262744,184.79327693099387
NAND2,1.1307228430106622,13.113097613204964,40.40757324730835,0.48237812514763434,4,26.867694234950207,72.69874707911958
OR2,1.1330178375228783,37.670387221980945,89.65350987807325,1.20054069843216,2,82.85967879198749,166.33029802558184
AND2,0.7049553477455768,13.839715220836853,43.26516187437722,0.7368345345826248,4,86.96659523689213,123.13235330610381
AND2,1.0890231532415995,44.204148013374414,100.0523980696749,1.6622486282893572,2,118.31929113080915,183.12888507512662
XOR2,0.930366800120837,44.69919035892403,58.908761326268,0.4658211455530819,4,67.24965136947701,472.60292691437553
NAND2,1.1944202706518314,10.625624445916507,95.98954333814535,0.9934988932328636,5,36.207436727881486,46.97663726684823
NOR2,0.9416160379377175,31.07845130537849,29.786559890610707,0.14567673248103036,3,83.62234000004328,426.666288073187
NAND2,1.1934479726941487,5.298164444278251,65.78600255909134,1.025562766215761,2,117.62821926164227,23.372445056587132
INV,1.0772846806028682,20.18531788047983,95.50345222633328,0.22497585524777183,2,25.37959945094581,119.90490802363195
NAND2,0.8243024423066532,35.95276474556234,47.687051633149416,1.95812020232057,1,42.48976063159431,106.58682835594173
INV,0.9691974896434787,33.3117390956459,104.52870447972225,1.6063132018627762,5,67.31630968385832,116.3135597813071
INV,1.1960678197392913,31.61033280092379,88.07797331049319,1.041409576076536,1,24.574683011430555,65.85478812237442
NOR2,1.1287653038759617,14.844502319459735,83.75617721497983,0.28278423337717845,5,7.555373544792911,126.08948961564111
OR2,0.7486834468956105,19.5232225222857,60.35488542043371,1.2337974286859787,5,43.75305908074382,143.12480906654395
XOR2,1.053185998404998,6.044361090314023,73.24514703811175,1.5464758513195296,4,104.51764217262168,36.39547399894026
NAND2,0.8727897929354065,36.23211820124645,84.73493009778531,0.47854843564892113,1,9.998865922227205,199.1722348154445
INV,0.703491130940174,25.6905510427724,72.24621139148904,1.1882316806804827,3,54.32684178694551,111.74878494315186
NAND2,0.9017404845134998,35.72951598493707,94.831332394056,1.6507164889597916,5,92.65308888649949,198.27199446267736
OR2,0.8173772108624856,13.198232715046766,68.36969331069595,1.5643058219750747,5,114.6159986447518,97.99499642989716
XOR2,1.1094346352602358,16.897473203118246,45.227318174203035,1.6296249935902474,2,118.32967088550971,67.5877943445013
OR2,0.8686653044228827,17.37655152574562,46.39337828010473,1.7731280387550732,4,53.52647877000529,81.0660813468594
XOR2,1.1137618469769084,2.261378077613594,25.58037688429411,1.8828423520598039,3,114.29419385359851,7.499175654725844
AND2,0.7002989694173976,17.711345768700554,55.095771555867245,0.8823797717826475,5,9.07318192729933,128.75791750834404
XOR2,0.8539095750130595,40.36192410238364,99.89176404785196,1.189285912743009,2,90.78044786983398,293.89247071085293
NOR2,0.8205826071538809,44.96762629173719,104.41627088376096,1.6064399089657484,1,78.91579398286548,210.21803519483854
OR2,0.8167836805343054,26.392697466160445,45.246754209575,1.4306228502180722,5,33.695013622407515,139.68724404963055
INV,0.7340933098827314,23.319583065741792,120.90439968714077,1.991578029137032,2,63.341627578159624,79.87145803952778
AND2,0.7935621352052509,2.5104063162691426,75.24027934801268,0.14571398407673097,1,19.898679842456996,35.24378391144572
NOR2,0.9777747849428099,44.08101254168375,116.69787490185027,0.7876504447936864,4,105.23367235942952,371.12223040487237
NAND2,0.8456805364188722,1.6375004578677632,95.67652818616311,0.6483325013879806,1,46.15827983774951,7.886689568103662
OR2,0.9086973911645739,47.29275393030038,97.2433423022413,0.613153798311205,5,76.9951141035574,469.64356878164136
INV,0.8884334401735943,24.971596185716443,33.50436213060711,0.5383559910979052,3,23.25927292303516,102.87989095292384
XOR2,1.1379524624999473,17.754790185161603,46.99911268969307,1.4531528207326305,1,28.708957132588818,50.62641557231688
INV,1.1526494995052576,46.286703307290345,25.881483329447263,0.2793478097576051,3,119.07498264236249,278.44740304533855
NAND2,0.94647848582793,2.19515866239474,96.61276404767375,1.514224607813476,3,91.60493536075288,14.20936215906874
AND2,0.8650779751578022,29.489819848585267,59.443828842851,1.423640582990594,1,115.62676502401814,133.21709586065492
AND2,0.7534003520011818,27.897693700467542,103.66525160763467,0.5915117691016852,4,39.02288399938507,263.74662464920885
OR2,1.1767014396910476,11.746699659357722,58.893621993702624,0.5953275123505031,1,23.924730811279346,46.00927004059039
AND2,0.7301134724501487,22.015484136160318,106.93337522988611,1.302257900447664,2,62.85287330006556,131.52000410067893
OR2,0.8488251387841401,32.96093629124474,38.069825374831304,1.5528816783093142,3,61.88685245614449,150.34985927177794
OR2,0.849033100585002,36.629428647214446,42.33731567575082,1.767792952604247,5,25.118849082168605,167.07221685726296
OR2,0.8602006430701075,1.0351260766224093,59.08765395839365,1.7220223800464143,3,89.32025050186218,8.351202115129022
XOR2,0.7821434216362046,46.90581807445975,65.84873888822733,1.9339800290280438,5,46.604416460454416,300.46244536779676
NOR2,1.0915807154618484,9.061743247247808,59.87028108429784,1.213003603232641,2,26.432001557009485,27.467740759781226
OR2,0.7612489309829946,12.4454412768956,101.36470325232199,1.828272455319876,2,43.17809037247817,60.900069669275105
OR2,1.0174533295765813,13.910198838998562,34.69513926267147,1.6400049537295722,2,69.82075045802674,51.207431030863376
NOR2,0.7619230133529087,2.8531866910497303,60.12170196384881,1.8019751337103453,1,88.54415720075097,8.868061125946836
INV,0.7352678187964783,7.029554055925921,108.72399995154593,0.14185801041648927,3,60.41745189661072,97.10178700687382
OR2,1.1547147518429381,49.33114622426394,31.6797077262172,1.9358976247077244,5,65.44342383026296,181.26644522254193
XOR2,0.7950643831593528,16.44562013148702,119.23435076713574,1.010236706151379,2,20.978782633416067,113.97454514956516
AND2,1.110625077279852,6.649753426613418,123.63168422720129,1.6205840204007045,2,110.18945634144669,20.348471273276285
AND2,0.9723154355535679,6.2425717975565425,33.85681738250801,0.359143744355028,5,111.80328276908511,56.39775396525801
NAND2,0.7389282598043847,36.25353841582862,54.1272522255737,0.8643692601302713,3,83.59405789807042,254.29188071003617
NAND2,1.1777240957190336,42.8738645375994,62.24006660353562,0.6303460464794629,3,7.027612027412841,173.62292290389144
AND2,0.8234805834959462,13.590662675915024,102.6391368652726,0.6683184885417616,5,66.7635348288825,132.45075864848235
AND2,1.1298226726763032,2.0245661044265137,84.59268121167338,0.3517205655076577,4,77.36018179019055,19.972508014373986
XOR2,0.784405002892282,11.931410903822435,89.43657004925673,1.634836005180853,3,119.38523564018266,86.50750771561918
NOR2,1.1269714410709264,3.7692688490411093,100.7509822818506,0.13737555141242694,5,119.54769984740163,67.49202813738667
NAND2,0.706614406452647,6.066351894872034,36.797899943702575,0.7075102591321807,5,103.6252920624391,59.81067729476925
NOR2,0.9558902282847404,22.143897872534478,108.32094569102624,0.4478918212468602,2,12.340564083003056,154.95181430184016
XOR2,1.0847212897107783,12.266000172219997,95.5619804180144,1.22739320834368,5,114.62678493955394,92.48213798761196
AND2,1.1673977587463917,26.281348047745745,82.73417251963703,0.5979945169153424,1,75.4560434224799,124.24714806708116
OR2,1.1546010681032435,13.421193909602328,113.97353347830567,0.6069170945128274,2,97.10197860510564,92.16007043438292
NOR2,1.1098124347738225,47.08632775404443,95.03063538838072,1.038075710711199,2,51.82717771387316,203.88663463556614
AND2,1.1440956748306519,45.391254428386965,45.16999626310254,1.3470553939609402,3,41.761989191977825,145.9428197405619
AND2,0.7996098429185382,28.773499145512837,67.97453810756667,0.34805284458250757,4,58.27307673063792,320.0507209153306
INV,0.8420921478558643,18.36677560738192,74.40428669357333,0.4499615306351327,3,21.890568991415094,101.68207270258995
NOR2,0.8444842624605292,19.676197219702043,30.521762675040563,0.5846885198376931,1,46.0626059566302,108.45991493718932
OR2,0.8885269655008494,21.18076187408035,120.46375133600557,1.9506466425417657,2,103.62601247335203,108.19144920855364
NOR2,0.8966603351925944,36.65138678461226,37.85772607968785,0.8666466998926902,2,9.364305920001371,158.99057299342354
AND2,0.9722776623273377,23.130310780423056,94.74612672267268,1.2461013703863297,5,22.350975384829514,112.65228661286802
OR2,0.7799398816832206,42.97976737878897,75.62310360908802,0.5741004879060384,4,19.388358359690834,374.42082399546535
XOR2,1.0456233318929946,47.260644510587866,27.563224988442258,1.0420639072960773,4,51.35368741052623,254.45840931404223
INV,0.7837832696522532,17.46136151556776,117.47474758643617,0.2593440478456011,5,119.6534936024491,231.9907780906095
AND2,0.8551542410522737,28.474029587408324,110.18368088189332,0.18531523433397465,1,24.93616197430901,305.7066453144213
NAND2,0.951672565303077,5.657770304795657,77.42579279038355,1.0012190304243451,4,21.730504703914917,26.86505897866979
NAND2,1.0982202807617387,10.822983340551591,47.89423361394453,0.8694794605346147,2,110.23140892425776,55.41592502194317
INV,1.0697346166193635,21.259822568797844,37.16228906800942,0.377335001020636,1,106.43580945108606,96.55047197567005
XOR2,1.0227671782052612,11.103933079187163,61.33924794321266,1.4126906863709794,3,8.707642549603761,53.32478364952803
AND2,0.7778866302900851,43.95146404864716,50.54282810460905,1.986658562890617,3,91.44618542062122,215.0248080107364
NOR2,0.9735226728077888,8.756026546895805,75.66912010062987,0.8638160238498194,1,80.3785556697894,46.61632789574246
INV,0.7437232508999427,23.327380256101506,121.6409296123429,1.2941702355247016,2,93.29019313306154,115.30090228697827
XOR2,0.8886815883983253,30.679262782533907,82.49534932296415,1.930394771645233,3,61.867782301531044,165.98473267721
NOR2,0.9067582651449795,34.90133149988138,113.99310558900979,1.6832857482001253,2,119.00861012155399,190.46230017879876
NAND2,0.7199057197228769,19.77039911659883,90.08788374957773,0.9914781798090492,5,10.042407151760766,125.7817789179831
NAND2,0.8369940497349859,43.5858543675117,72.52465265872004,1.5064802307846483,4,31.95273243643766,195.67410751748525
NOR2,1.1778247336332446,28.84763840281835,110.46075627333713,0.36089387567098513,1,50.60278850196573,183.47527310586918
INV,1.1768163039148447,22.53588124193004,72.13681101729975,1.0827552482719425,4,56.724463280055865,73.34157903563725
NAND2,0.8761635271262695,4.294791068549794,111.8628170510361,0.6446333210982806,5,110.95725131044465,41.97419033416417
AND2,0.721550054474162,23.769783953813086,54.15767695757653,0.42298773324478284,3,69.40050186888476,256.8069084730164
OR2,0.7895474696640907,41.21605619997078,37.881307376298814,0.9214081037585254,2,10.187764484845296,203.78314182707666
NOR2,0.8961088967167701,31.112509892844457,110.53144643629383,0.3663073623351951,2,51.90424079395111,291.3362643467354
NOR2,1.1738898489846148,41.775960232726796,83.74151637926668,1.4340920033680327,5,52.89639742244304,181.4380457997676
NAND2,0.7705995317685924,25.206571859365976,113.90923982489602,0.9777312828202707,1,116.03145792034525,166.24031251845105
INV,1.081757921834106,6.804623549629611,118.78272069923833,1.1185519092215679,4,73.90766546742744,27.379387109775628
AND2,0.7543412696873459,1.6683524459581724,30.362839037144916,0.3951867646961352,3,78.09987318327796,16.38881163035355
INV,1.1906287886956384,15.857757789210968,75.09693018588683,0.38277072285576963,1,87.02409859389614,65.44053532859807
XOR2,0.8908082495545675,35.20153310339183,62.49645490745293,1.216821018289033,5,93.55452130344418,282.28738335013804
XOR2,1.0876172694495279,39.722735293142996,87.58583970701171,1.971818325919359,5,78.03087307328626,217.41845019232704
OR2,0.8712955414055659,15.49188889639614,104.35911972023236,0.30095109648692414,2,32.27735038040258,164.73754241678793
NAND2,1.0138344385794043,25.287042123279107,53.059021597436896,0.6571750857036688,3,105.51528014923389,154.8836152673613
NAND2,0.7960080423700183,21.63482631727,80.67983843731716,1.7545831390912285,1,89.19377704722247,91.81917864336711
NAND2,0.7730105096484812,21.115616433219966,95.87285799048996,0.2558713830398454,2,90.31510578614993,265.28560553924353
OR2,1.1690320697840657,12.336086946807374,38.4431082835734,1.7666651561698683,3,119.60402501199616,45.025052025074274
XOR2,1.1588236389522166,7.68218414644346,106.40669059512669,1.1056576487445322,4,97.29055150928133,47.90326740936831
INV,1.1437344701064411,10.637739353329442,85.61095998529731,0.8875415349816805,4,100.35241136284262,47.639065622494165
OR2,1.0127167250832967,3.711286971003959,119.95374371136518,0.7021994609807369,2,114.41163430666822,30.27422934300863
OR2,1.104134105608139,10.708406349355275,58.95289191306933,0.6785802572803428,1,22.380409982622794,46.86761851758192
INV,0.7345184684556874,1.4508439836435933,35.814594233719866,0.6949088550050201,3,62.23864829497781,11.032632586196545
NAND2,0.8673945209453395,31.735661631162934,75.65012010369253,1.783429792205168,4,71.76520771294058,142.60591164086233
AND2,0.8568515623785781,16.502394961996462,33.581077170943885,1.4807350327285966,4,42.86670886058263,72.16616225854098
INV,1.0178226609763066,48.68409085991852,121.95265233240067,1.379079254722563,1,101.53138454786814,150.8245581577535
XOR2,0.8779788867353202,10.492135488038596,28.868495825719155,1.6216484000297613,2,92.67825648925819,50.89656407036749
NOR2,0.7742533908218403,17.945599945170102,100.3503901107308,0.6033755664477926,5,87.90155356843427,213.888659188584
NOR2,0.9982335377067718,18.534216773435126,77.5102398142244,1.2819204867137006,3,119.67218557218919,99.86902862219448
OR2,1.1071919603345406,1.4141233070605663,61.862065249828866,0.9849245292409478,4,34.82885794196491,12.042882053657445
NOR2,0.8910617472299865,42.12118969893349,31.584216450865465,1.5909902741763635,5,89.57758394267346,228.00629655600824
AND2,0.7661343575492408,2.567728547071911,87.21669241736078,0.7014014876897767,1,68.41151461417857,22.628658894624053
NAND2,0.7983440986564114,47.06881190173283,83.52203293909552,1.329175799715404,2,40.99375598679575,213.48501193542975
XOR2,0.818741652584692,44.711643203587414,53.08832730675997,1.7785593342165493,3,23.46749013315947,209.62983783229822
AND2,0.8499487964972681,27.240573888212214,116.02217014103121,0.876042895246466,1,108.02664126276792,180.57470370776318
XOR2,1.0213975352531546,27.63618317065331,55.41100073428369,0.24524952425082752,2,73.47738051140222,307.1256749262948
XOR2,1.0004727422688595,33.03511822485166,69.97254105921061,1.0901755460025704,1,99.86739132869138,181.2400710669729
NAND2,1.0480399307835195,19.96545058480946,79.37624559186557,0.7704282770772087,4,67.71467316017765,119.61043919223523
OR2,0.8812509922657565,32.71389188649492,35.02318781762861,1.383783715428689,4,30.29736427521225,144.5997619489159
NOR2,1.111998825939989,3.193651045735857,118.21617192136323,1.9079418985273795,5,43.8181135065374,11.17414242668795
NAND2,0.8020438305778801,3.648333740136602,62.45361524510411,1.0329436378340724,1,48.87696688445785,14.620771277172262
AND2,0.9345203737590769,23.404290561357673,33.07792138743436,0.9964376326924036,4,116.88750343792576,140.41586142333824
OR2,1.100469360770715,27.931492754195713,63.72911736753299,1.3506194243599452,2,5.647827013858987,87.06023042816125
AND2,0.7900793238663095,44.50306437645513,85.02025470925807,0.3145753067559072,5,118.35159264781831,727.8281362459458
OR2,0.7549315568703914,6.1283710614869165,76.36526718213295,0.5965916351790275,3,117.75308803763052,72.1490626795981
AND2,1.1418419838439948,41.30974843250058,94.4541974037274,1.8476811319407491,1,119.5573409109657,137.87257849189248
NAND2,0.8714648313795978,11.29231952731141,30.548394206791063,1.3794921131238804,4,59.807640575757986,51.82347311201557
OR2,1.0419350624545158,20.310098776991563,53.45406102720561,0.14527480268882256,2,115.83803150641495,281.4724504069529
OR2,0.7126743021319693,16.513519306543234,106.92305768401023,0.5046958884109574,1,50.49390591273014,142.68610383210225
XOR2,1.0450234442047248,20.60760837040455,32.989368779136086,1.4037340601343302,2,8.023860676864471,64.92893502375446
XOR2,0.8580506557734853,8.374279405556692,110.54859546959575,1.5570705008176395,5,30.799926432752923,58.76304022911122
INV,0.7278704267937208,25.674933645774193,34.189609207710625,1.6989359966271986,4,113.70906816779923,109.128826837754
AND2,1.0049063807740586,40.280486901737,108.44542148916962,0.6692923903582444,4,6.582939733570997,242.59761876614644
XOR2,0.8204019080365865,22.635166508565952,61.078840107872665,1.8703337610018176,5,67.78932557364213,152.65156230823908
INV,0.89340362102594,25.040065219011755,86.22090632572159,1.1595401599264377,2,13.69418272288809,74.57154772005777
XOR2,0.7402904061432567,42.5896116787844,40.28871156479982,1.4294933620892385,1,37.93560651917153,216.61300516241866
AND2,0.7735816255474726,35.596847617263506,31.616872172518086,1.241869062026227,2,15.130677831866967,134.70072176945553
OR2,0.8489886177479218,25.03226601746945,46.593820402013506,0.3507513027882864,1,103.84579142800149,241.38937071439784
NOR2,0.7448797502800786,13.627086761269805,37.78538179086956,1.930655559643574,5,72.97313160948617,73.87075307137972
AND2,1.1554131323431576,44.36141059540336,56.24058976796318,0.351006090201007,3,108.74224355760597,361.12630713661946
NAND2,0.7030235215919891,29.27399968283736,76.43832465110202,0.5991780780530251,1,84.16061794712625,230.63767391013047
XOR2,0.9419301094321557,11.836232895423976,83.87594635650095,1.6496204148192026,4,116.66835009318646,72.50309774311428
XOR2,0.7616237290662757,14.186867879262508,103.9868107379743,1.2829622876220705,4,63.635930297446755,121.3601834980579
OR2,0.8538395447389742,40.35352135787605,90.62398932483586,1.695720430907551,4,78.45171690273057,239.688378651921
NAND2,1.1630297799091327,3.1631325422853176,85.8758325129553,1.0895840341432044,2,71.2755142872415,9.46370455344151
OR2,0.7808472766369934,49.61251716441218,66.17820274857746,0.8287472824892735,2,60.68994938636047,340.79757110146636
NAND2,1.1829161598591662,7.3872323060247975,72.38084349601387,1.8530695391498355,2,102.28532702364646,24.95320753017679
NOR2,0.8028971884947108,40.00735774444993,66.45208293901811,0.18815435692781432,4,79.12039060209142,680.1415122403474
XOR2,1.0707830542334147,20.34399052181246,109.21660300613831,1.729524814263726,1,97.15091045837937,93.58455910988263
XOR2,0.9733386324486558,25.118592981085875,48.00004525483998,0.5539374361530294,4,95.43185270927752,250.76693253166104
NOR2,1.1422393637983794,44.15187829576431,25.572093154196462,1.7156242961774593,1,26.97019347535896,101.44769603558012
INV,0.9769966277515654,21.23264828987145,90.13198972262393,0.38168963322374494,2,79.76880623952903,127.51959841909968
OR2,0.9672796095781543,27.33719392998849,45.24621836388314,1.2108116517382161,3,27.959522205853425,111.41097890175278
NOR2,0.7977290001841999,3.415683458049327,114.01151363098093,1.7896428877415673,2,72.08185499803365,19.819964418056383
OR2,0.7831146810258294,1.1150262195052045,110.9046329706656,1.010254536169914,5,82.90498871132456,12.548305874061436
AND2,1.158244575557757,12.99519377708457,32.67273719282059,1.5235453467503786,1,119.6820332325725,44.691775418874975
XOR2,0.863919099425017,34.348571553019596,35.63884054140773,1.6327826415684497,3,8.512327487219912,141.6669480686247
OR2,0.8860411274814479,6.941979774597699,74.51715922466663,1.5046091123875447,2,15.492875323077907,31.247424018480057
NAND2,1.0799118292141943,6.574335981422922,85.92226627693546,1.8596199053242446,3,13.858070082691622,14.900653588368682
OR2,0.8694117412114036,21.13706979375926,52.49083374822408,0.9600483533774659,4,50.8115479206751,142.80994157869512
AND2,1.1760312233195014,32.7440148918031,96.67977166993707,0.4454758256304928,1,99.48266157086857,203.57252917498317
XOR2,1.0689638844994,35.891527620148594,84.49160209188716,0.209884799760662,5,102.0664782705206,625.8667159414262
NOR2,0.99871462128671,9.744083030820365,57.48241097485547,0.5833445549185096,4,89.75265350793245,74.97028277368145
AND2,1.1404475802723761,4.89981922123008,27.53714880423156,0.38921130729485515,3,108.14099781044398,39.4791437665812
XOR2,0.7248029541747414,47.07945466333167,100.01502812985177,1.1689436338968233,2,42.12889357948704,346.936026026067
OR2,0.8285313460946043,13.772652745542985,46.47536658250827,0.4676972339580561,1,15.1377840890144,92.46040182789069
INV,0.932518167110455,42.813978382827464,108.44737434626283,0.1931953697040178,5,11.687598218832763,392.5242996598733
INV,0.8134892697357605,43.31108107267809,67.02902600542552,0.18766087827309558,2,102.99526275622942,434.2096957779813
NAND2,1.0719525936510759,38.853606996364675,82.70774426317654,1.6833506569259398,5,89.0001738506745,169.84408837425184
XOR2,1.1596040155268625,9.272846725975933,112.29487304090019,1.2319258711128867,1,85.3407601912789,42.14750415411272
INV,0.9118850599654617,41.268271503455814,111.36230009199534,0.7932003675595509,3,44.06277893275191,178.63755449996822
NOR2,0.8710663000559474,38.69327740283775,62.15195752435733,1.801148720351664,5,48.68909669109601,187.27843074061835
XOR2,1.180775366068783,30.239426515204638,45.88888927148431,0.2519696294465016,1,115.18305582342171,282.54225736208855
NOR2,0.9224262164137704,17.522899723278684,102.51460777285946,1.9630054967283126,5,12.337545571262527,78.63242153289835
NOR2,0.9445242002246416,13.862921609060662,68.30802036021312,1.2786285656783867,2,93.97914974784615,73.4818128183545
INV,0.8758249361709527,6.972571391937589,44.20419935590041,0.4649127974614351,5,40.60783222646521,42.227115492807265
XOR2,1.1547742365060691,25.9780962781427,115.44253423171502,1.3966499060767008,2,9.49128111744395,98.2235069591837
OR2,0.9844777416409254,29.67778289998248,44.81041942410874,1.5551567683930976,2,90.39556273538244,123.61423898974684
AND2,1.0810872935908222,18.607610535273572,27.580716819123108,0.927164432737056,1,43.05486685301308,61.56899140620083
INV,1.1059033591754432,24.29259431636256,27.027997376741997,1.739869299741629,4,88.0469646554216,64.4130908528578
INV,0.870924520958629,18.81220841109407,87.23153564542643,0.40337692571736417,5,86.38025405858382,152.61430220582645
OR2,0.91684716566019,32.40929680871436,91.16750607175304,0.6442146571259036,3,66.50049067480823,250.05193600967615
XOR2,1.1242358872031324,45.1617011820316,56.10417050569839,0.29576563977790077,2,94.39790985921312,449.86653261235955
XOR2,0.8816276758379051,9.0320928403003,57.00109892470634,0.516450340341822,4,71.819407279693,96.36392906869426
NOR2,1.0969675667259255,19.68903168525305,58.94939150599428,0.5688101663929527,2,37.96323807754998,104.83078526263104
OR2,1.1704961612872185,7.902561593592204,93.01585467588787,1.8451503989328149,4,89.42325962240818,30.115952970232403
OR2,1.0116051865340034,31.622244749983768,30.81337910268286,0.26684621485217364,4,72.75107882593821,329.94596696638604
XOR2,1.0708136437259443,36.71465496494119,117.91163526913256,0.9235404259528937,3,6.4636373943408625,208.41404294714152
NOR2,1.1025486560205673,46.66372389727534,47.25210441774465,1.1209095319865963,4,108.68908044358558,238.34382110727933
INV,1.1225198244483212,14.664724386787281,124.96732052420923,1.8095429411480621,3,67.74901610729604,39.26542704453254
NAND2,0.8975266689283979,47.56034908740608,42.1522693787187,1.9956688910830813,1,104.89213553014615,144.31437626334346
AND2,0.725631729587999,4.099870919213065,102.15464573123775,1.5363696560492912,2,106.51473648295813,31.787028063617704
INV,0.9009381356183697,30.547679304864822,47.341254492962506,1.9450870622697753,3,56.171165524535176,72.50163829710442
XOR2,1.036878114892045,3.7995032478231687,33.0846801643254,1.5997501291674425,2,63.380899591891556,14.188880295017684
AND2,0.9251751928903964,44.794935200335296,112.49333243506489,1.930820965026263,5,52.81175458269422,222.4914769918941
NAND2,1.0744815754301993,26.960643796432652,110.87512591908919,1.4496689647755756,1,56.68522916042523,83.65493563902652
NAND2,0.8784912147343319,33.79806918737701,65.35703924496013,0.2699552398480136,5,107.9419232817487,469.5017105492287
NOR2,1.0173720705520148,41.74712236961217,95.23961425404268,0.8756099515462318,5,95.63656160630977,314.3345811968865
AND2,0.7932099024269872,8.36522050171447,80.70659326839171,1.3356028935486444,4,19.55045277629147,43.27845373401696
NOR2,1.0746847183224784,2.890986534968558,110.29561136737487,0.7793507977739919,4,75.18539487711102,17.133414218355075
INV,0.9728479844065129,44.06517614972976,56.50559693186544,0.6339617660539038,5,119.52926364442936,262.26714505325185
OR2,0.8020321942733002,16.431728145487693,77.36723999989852,1.205510622210211,4,73.48833064173586,114.92586523491111
OR2,0.8459555867489036,7.319966488431098,73.53723712045505,1.8749835282005776,2,95.37523694320714,37.41231824861872
OR2,1.074304354290916,23.95460061726724,60.39058262568587,0.1857659222103687,4,93.44206943883465,325.2644605515528
AND2,0.9413006178307604,30.31699770910492,114.14550645563722,1.5661546626579028,5,45.286515475317785,157.85654627897105
OR2,0.8080157201965361,2.517559567702996,41.587792466253546,1.4787272827238989,4,47.76266981095527,13.203115883568085
INV,1.1836355951851487,14.469887254597298,39.95086395206962,1.9322324397299797,4,88.26878850589637,27.65489843606633
NOR2,1.0575625099084438,2.6071938395679046,82.69095353227513,1.8697370979851817,3,62.49810613455604,14.440649072616225
AND2,1.178567416269898,21.59643407057945,90.7494229984942,1.5529972166430825,3,70.61563154999462,78.11637583916566
NOR2,0.9135525226801715,44.85990142424597,44.46192543245652,1.0983684776032854,5,86.98416589195632,286.95743879602713
AND2,0.9375501703458602,49.14996816318489,64.07174422546241,0.5040230000790173,2,94.42112810949078,360.0498225669373
NOR2,1.1489776080925096,32.215330121677745,119.65638429787437,1.1450431504520797,1,36.22440643930321,114.45100272497663
NAND2,0.9625246701226923,8.920246995444998,49.661742269067396,1.558861748568949,1,21.881282335250738,30.324459070690978
NOR2,1.0536394559528335,45.38662010996598,91.83607021173941,1.803858119759239,5,38.556384373228404,194.43413091063476
OR2,0.8260864387477649,26.296143336802963,99.01493936975908,1.6046585773158322,2,63.36690738558868,137.60445227412953
NAND2,0.9233632343513203,8.533716293042986,69.81286994651596,0.48710183815918146,2,44.3462514891595,53.76104190151713
NOR2,0.7617249329051775,46.164606803131406,118.7525986759583,1.2474102707487515,2,70.36171726747328,287.8026350570322
AND2,0.8029900179384808,38.11598348543205,98.66567352187904,0.7444861039189512,3,11.148558274447272,249.3420474307826
AND2,0.7004717076338155,36.85355836343442,70.79245798608979,0.1373066546944088,5,63.62129733558323,846.8112514277796
AND2,0.7196325258243301,35.74985448592583,81.9335201776094,0.4964153592826922,1,47.31826429783641,290.5706775626456
XOR2,1.1886419115884646,10.816651233725674,94.26134434251007,0.33285482187488463,2,66.48667681268148,96.74455760643914
